 1,https://img.discogs.com/5niM71_Gc3Zkk6VK4cRlpHpQRIY=/fit-in/600x590/filters:strip_icc():format(jpeg):mode_rgb():quality(90)/discogs-images/R-499497-1456047383-9489.jpeg.jpg
 2,https://img.discogs.com/RM6K8ZhHMRaq7BE-Wn4ULfzdZhU=/fit-in/598x598/filters:strip_icc():format(jpeg):mode_rgb():quality(90)/discogs-images/R-1354479-1346387027-4774.jpeg.jpg
 3,https://img.discogs.com/WpAqPtfFQP1shlj2slPzZth5jRk=/fit-in/600x599/filters:strip_icc():format(jpeg):mode_rgb():quality(90)/discogs-images/R-2318045-1276592861.jpeg.jpg
 4,https://img.discogs.com/NA05ND3r_Zk3Uo7zhaQyVRWvQRs=/fit-in/600x600/filters:strip_icc():format(jpeg):mode_rgb():quality(90)/discogs-images/R-6590004-1422648212-9623.jpeg.jpg
 5,https://img.discogs.com/J8pB9M1_Yxs2dMHoYeb7idrVZbk=/fit-in/600x600/filters:strip_icc():format(jpeg):mode_rgb():quality(90)/discogs-images/R-13226139-1551052667-1707.jpeg.jpg
 6,https://img.discogs.com/de_3C0BpBdL6M_qwMFserUcrrF8=/fit-in/600x599/filters:strip_icc():format(jpeg):mode_rgb():quality(90)/discogs-images/R-1559040-1311042861.jpeg.jpg
 7,https://img.discogs.com/agvuoedHYAj_v3SuERkFX-rFohc=/fit-in/600x607/filters:strip_icc():format(jpeg):mode_rgb():quality(90)/discogs-images/R-20726068-1635177751-8922.jpeg.jpg
 8,https://img.discogs.com/BIf-HtYZj0067PHwyP9U-DCxymw=/fit-in/600x600/filters:strip_icc():format(jpeg):mode_rgb():quality(90)/discogs-images/R-470912-1607761182-5824.jpeg.jpg
 9,https://img.discogs.com/Rn6Pd1hqtY_CRJ3Vw_Cg51XO4QQ=/fit-in/600x602/filters:strip_icc():format(jpeg):mode_rgb():quality(90)/discogs-images/R-1431601-1387141380-8085.jpeg.jpg
 10,https://img.discogs.com/8acMy8Ntiy0TF7gPzZTsdER8zwk=/fit-in/600x606/filters:strip_icc():format(jpeg):mode_rgb():quality(90)/discogs-images/R-8065046-1454474102-6930.jpeg.jpg
 11,https://img.discogs.com/pztSv1PtWWWydXf99W3NKyzGSzM=/fit-in/598x598/filters:strip_icc():format(jpeg):mode_rgb():quality(90)/discogs-images/R-1729944-1345331715-2311.jpeg.jpg
 12,https://img.discogs.com/ma15Vk6CBvQw_BSIBhXF3c2VtqI=/fit-in/600x617/filters:strip_icc():format(jpeg):mode_rgb():quality(90)/discogs-images/R-2252871-1508562123-2519.jpeg.jpg
 13,https://img.discogs.com/AD8KNCvyCpmBQrQ0FI6FIj878Ak=/600x250/smart/filters:strip_icc():format(jpeg):mode_rgb():quality(90)/discogs-images/A-39766-1620457330-8737.jpeg.jpg
 14,https://img.discogs.com/iLgFfMgcCfxdrpYN5wlhJ-FmrKw=/fit-in/600x600/filters:strip_icc():format(jpeg):mode_rgb():quality(90)/discogs-images/R-2607424-1630601087-1199.jpeg.jpg
 15,https://img.discogs.com/Akf9IrDSo9iBiBzrILE1LFk66H8=/fit-in/600x600/filters:strip_icc():format(jpeg):mode_rgb():quality(90)/discogs-images/R-993028-1576333201-8530.jpeg.jpg
 16,https://img.discogs.com/qcqEACdPsxB7ido_Po_M0C8DoIs=/fit-in/600x600/filters:strip_icc():format(jpeg):mode_rgb():quality(90)/discogs-images/R-2306941-1337433891-5176.jpeg.jpg
 17,https://img.discogs.com/UoDAnoi3Cbp_JvOrz4CRgZBBSfg=/fit-in/600x592/filters:strip_icc():format(jpeg):mode_rgb():quality(90)/discogs-images/R-367084-1263095553.jpeg.jpg
 18,https://img.discogs.com/ob8UMH7a15LIvG6iFZXflh3QaP8=/fit-in/600x600/filters:strip_icc():format(jpeg):mode_rgb():quality(90)/discogs-images/R-12279412-1610723195-6360.jpeg.jpg
 19,https://img.discogs.com/D-7yrwR1ExCnF88GA5VGpYyBUSw=/fit-in/600x600/filters:strip_icc():format(jpeg):mode_rgb():quality(90)/discogs-images/R-3536289-1454991937-2351.jpeg.jpg
 20,https://img.discogs.com/7WGKGhsr4EkYJNQskB3nW-YdixI=/fit-in/600x602/filters:strip_icc():format(jpeg):mode_rgb():quality(90)/discogs-images/R-2911293-1594245812-7931.jpeg.jpg
 21,https://img.discogs.com/BnHabM1LYOp2pM2YTy1Kr87rzOQ=/fit-in/595x595/filters:strip_icc():format(jpeg):mode_rgb():quality(90)/discogs-images/R-2692557-1297090992.jpeg.jpg
 22,https://img.discogs.com/fBZqQ6MTBaYC0r5sM9gLkiF85ao=/fit-in/600x600/filters:strip_icc():format(jpeg):mode_rgb():quality(90)/discogs-images/R-804433-1378711592-2620.jpeg.jpg
 23,https://img.discogs.com/G89t9cjHkEDovm2Zgnx8n7Bny0A=/fit-in/600x594/filters:strip_icc():format(jpeg):mode_rgb():quality(90)/discogs-images/R-1255883-1399477526-2041.jpeg.jpg
 24,https://img.discogs.com/hKYhhcE5coVNKLjcNPi9QMTZti4=/fit-in/600x600/filters:strip_icc():format(jpeg):mode_rgb():quality(90)/discogs-images/R-13286331-1551400916-4169.jpeg.jpg
 25,https://img.discogs.com/ayKUmFVou94jKjLk4V_vaj4bXtM=/fit-in/600x601/filters:strip_icc():format(jpeg):mode_rgb():quality(90)/discogs-images/R-1045058-1517689371-5679.jpeg.jpg
 26,https://img.discogs.com/E1fuzfDyxvME8-vI_plOepuPNCw=/fit-in/600x600/filters:strip_icc():format(jpeg):mode_rgb():quality(90)/discogs-images/R-8626822-1465424802-4335.jpeg.jpg
 27,https://img.discogs.com/eLmB2vjqvQep2yK9RTAh_5tg4rk=/fit-in/597x600/filters:strip_icc():format(jpeg):mode_rgb():quality(90)/discogs-images/R-1341431-1215152830.jpeg.jpg
 28,https://img.discogs.com/hRVFhabj0cd61q5gThldZ9ig0co=/fit-in/600x603/filters:strip_icc():format(jpeg):mode_rgb():quality(90)/discogs-images/R-487464-1587376240-4941.jpeg.jpg
 29,https://img.discogs.com/RijvOdB9peufvEkmWwDo0TZ2i8w=/fit-in/600x595/filters:strip_icc():format(jpeg):mode_rgb():quality(90)/discogs-images/R-1218217-1201488186.jpeg.jpg
 30,https://img.discogs.com/4SGVPIQ73cKqFCYBn5wEMAVa9sI=/600x800/smart/filters:strip_icc():format(jpeg):mode_rgb():quality(90)/discogs-images/A-90233-1591573559-9725.jpeg.jpg
 31,https://img.discogs.com/KG9WcZnazcTtYdacm-5OuF0sEB0=/fit-in/598x564/filters:strip_icc():format(jpeg):mode_rgb():quality(90)/discogs-images/R-1062915-1343845271-9578.jpeg.jpg
 32,https://img.discogs.com/LlKkYXjTSFiq4zQV5l8-jacuPvM=/fit-in/600x600/filters:strip_icc():format(jpeg):mode_rgb():quality(90)/discogs-images/R-2244952-1331736823.jpeg.jpg
 33,https://img.discogs.com/wH6A8JLccQYvO0HCkjguu5yK3kA=/600x450/smart/filters:strip_icc():format(jpeg):mode_rgb():quality(90)/discogs-images/A-135478-1590707565-1350.jpeg.jpg
 34,https://img.discogs.com/3uKl2Mj36_iytukQYBR081XOXVo=/fit-in/600x593/filters:strip_icc():format(jpeg):mode_rgb():quality(90)/discogs-images/R-4701710-1472047784-7623.jpeg.jpg
 35,https://img.discogs.com/BDb-RySLgwbiKVywnpgzylrFYn4=/fit-in/600x605/filters:strip_icc():format(jpeg):mode_rgb():quality(90)/discogs-images/R-618952-1443451473-7889.jpeg.jpg
 36,https://img.discogs.com/GCHyKpBszJNS-s4suHduuKmA2vM=/fit-in/600x586/filters:strip_icc():format(jpeg):mode_rgb():quality(90)/discogs-images/R-1395530-1389943755-5603.jpeg.jpg
 37,https://img.discogs.com/GYBa4Wr9ZgQq5oDis67prgHuQ74=/fit-in/596x600/filters:strip_icc():format(jpeg):mode_rgb():quality(90)/discogs-images/R-1934367-1383908438-4175.jpeg.jpg
 38,https://img.discogs.com/EprUhWdK9vXNv20U5cgRgvCEIQw=/fit-in/600x600/filters:strip_icc():format(jpeg):mode_rgb():quality(90)/discogs-images/R-1305419-1242803317.jpeg.jpg
 39,https://img.discogs.com/L9f0Ipa8GjhRRL6INcSEKwrXH40=/fit-in/600x600/filters:strip_icc():format(jpeg):mode_rgb():quality(90)/discogs-images/R-1350468-1377575562-1715.jpeg.jpg
 40,https://img.discogs.com/KxGWsLtycQsr-Un0Frd5J3uHc_g=/fit-in/500x500/filters:strip_icc():format(jpeg):mode_rgb():quality(90)/discogs-images/R-1157303-1264444904.jpeg.jpg
 41,https://img.discogs.com/PDHo9GNTbSZB_sJkZ-Re17dc7pw=/fit-in/600x600/filters:strip_icc():format(jpeg):mode_rgb():quality(90)/discogs-images/R-2633887-1625495789-3735.jpeg.jpg
 42,https://img.discogs.com/XmwUcsQPLouHbLSYGmAeFaDqE1g=/468x343/smart/filters:strip_icc():format(jpeg):mode_rgb():quality(90)/discogs-images/A-56798-1169678918.jpeg.jpg
 43,https://img.discogs.com/jKTmuxcsYe2TqcahU3QqVXJLssU=/fit-in/600x600/filters:strip_icc():format(jpeg):mode_rgb():quality(90)/discogs-images/R-1873013-1471100381-3022.jpeg.jpg
 44,https://img.discogs.com/OnueIG8ce5JjfcxxoUoPEbG6qlY=/fit-in/600x594/filters:strip_icc():format(jpeg):mode_rgb():quality(90)/discogs-images/R-3624373-1595679433-4592.jpeg.jpg
 45,https://img.discogs.com/Wul7gohdLtlMG7_okPom0I1yBG4=/600x398/smart/filters:strip_icc():format(jpeg):mode_rgb():quality(90)/discogs-images/A-269915-1528597622-6055.jpeg.jpg
 46,https://img.discogs.com/lb8zM5rMwF8qnTnImFUQ1eMl41A=/509x494/smart/filters:strip_icc():format(jpeg):mode_rgb():quality(90)/discogs-images/A-41441-1621806162-5474.jpeg.jpg
 47,https://img.discogs.com/53L5Mwt3zwASgcHA6XLDGCuQQpc=/fit-in/476x483/filters:strip_icc():format(jpeg):mode_rgb():quality(90)/discogs-images/R-857505-1398955836-9431.jpeg.jpg
 48,https://img.discogs.com/T27bG_UYvWy6JDltX6jlqtpIFuw=/fit-in/600x593/filters:strip_icc():format(jpeg):mode_rgb():quality(90)/discogs-images/R-775228-1448135457-2250.jpeg.jpg
 49,https://img.discogs.com/19VJXnD_qngHt_gMDr_9UbeX_Lw=/fit-in/596x600/filters:strip_icc():format(jpeg):mode_rgb():quality(90)/discogs-images/R-2379908-1280619864.jpeg.jpg
 50,https://img.discogs.com/0UhHt32l5jBExbG8OGM1sigB0XQ=/fit-in/595x600/filters:strip_icc():format(jpeg):mode_rgb():quality(90)/discogs-images/R-1005589-1413626931-1896.jpeg.jpg
 51,https://img.discogs.com/gdUQnZYSMJRSQ-OsRKrQOKvVWnM=/fit-in/600x600/filters:strip_icc():format(jpeg):mode_rgb():quality(90)/discogs-images/R-1247699-1463256104-5077.jpeg.jpg
 52,https://img.discogs.com/9YAajddzvo5RKNKCH1y_wiT32gw=/fit-in/600x600/filters:strip_icc():format(jpeg):mode_rgb():quality(90)/discogs-images/R-11146158-1510696073-1618.jpeg.jpg
 53,https://img.discogs.com/WoZoGv_siq06wyfKVvdBsFu2CEo=/fit-in/600x595/filters:strip_icc():format(jpeg):mode_rgb():quality(90)/discogs-images/R-1349112-1517053004-6131.jpeg.jpg
 54,https://img.discogs.com/lnsRqgDe3s64DbPpm9jwu_1hR-g=/fit-in/600x600/filters:strip_icc():format(jpeg):mode_rgb():quality(90)/discogs-images/R-5553886-1412649494-7718.jpeg.jpg
 55,https://img.discogs.com/-vwriUfLFpdkmqmJz6CisyP_KTw=/fit-in/600x600/filters:strip_icc():format(jpeg):mode_rgb():quality(90)/discogs-images/R-538440-1592071841-3427.jpeg.jpg
 56,https://img.discogs.com/_HfywzFNS5LNHRILV5liVoiB7PY=/600x778/smart/filters:strip_icc():format(jpeg):mode_rgb():quality(90)/discogs-images/A-27518-1622401909-5918.jpeg.jpg
 57,https://img.discogs.com/L3AcXYtH5CyX_-Vhp-0D6TSvH74=/fit-in/600x595/filters:strip_icc():format(jpeg):mode_rgb():quality(90)/discogs-images/R-2927062-1587373833-4616.jpeg.jpg
 58,https://img.discogs.com/5DU_Kd2vC97jxoVnjGJiJCdnqUg=/fit-in/600x600/filters:strip_icc():format(jpeg):mode_rgb():quality(90)/discogs-images/R-5893267-1405599442-7738.jpeg.jpg
 59,https://img.discogs.com/PAcBhtaQXaiEGNgM7KQ5eBp5CAY=/fit-in/600x599/filters:strip_icc():format(jpeg):mode_rgb():quality(90)/discogs-images/R-9719570-1485286773-1811.jpeg.jpg
 60,https://img.discogs.com/K0oH5OaF1iYPPCNKVvUtiCHgUQM=/570x570/smart/filters:strip_icc():format(jpeg):mode_rgb():quality(90)/discogs-images/A-119009-1623057148-1843.jpeg.jpg
 61,https://img.discogs.com/eiBUrsJOj6OCpF3p7IFbX0QvX8k=/550x343/smart/filters:strip_icc():format(jpeg):mode_rgb():quality(90)/discogs-images/A-30419-1611130940-4833.jpeg.jpg
 62,https://img.discogs.com/dacOhnve7E_IJaaEf-Ux8Dlfz80=/fit-in/600x600/filters:strip_icc():format(jpeg):mode_rgb():quality(90)/discogs-images/R-383777-1173543359.jpeg.jpg
 63,https://img.discogs.com/JbMR_oWi_amzT4qPBv_5eXJRMSA=/fit-in/550x550/filters:strip_icc():format(jpeg):mode_rgb():quality(90)/discogs-images/R-1435215-1402660531-4218.jpeg.jpg
 64,https://img.discogs.com/lQvu5ek-G_9IfaxS4bcEMZJE1L4=/fit-in/600x610/filters:strip_icc():format(jpeg):mode_rgb():quality(90)/discogs-images/R-11272687-1629577574-4625.jpeg.jpg
 65,https://img.discogs.com/qz4dN7JTjyWuYUmxcH-fME0zEqQ=/fit-in/518x500/filters:strip_icc():format(jpeg):mode_rgb():quality(90)/discogs-images/R-2284412-1274388233.jpeg.jpg
 66,https://img.discogs.com/wHcJCONKqMVUk4gYmkxMUzHKCyI=/fit-in/600x607/filters:strip_icc():format(jpeg):mode_rgb():quality(90)/discogs-images/R-1168661-1526850939-6508.jpeg.jpg
 67,https://img.discogs.com/omECGW3Dpn8yf8OT-_TXLsw-lq4=/600x400/smart/filters:strip_icc():format(jpeg):mode_rgb():quality(90)/discogs-images/A-3840-1462781416-2615.jpeg.jpg
 68,https://img.discogs.com/I6KO0I9AejQdR4OvP9yIE_rZyaE=/fit-in/358x344/filters:strip_icc():format(jpeg):mode_rgb():quality(90)/discogs-images/R-120096-1085600607.jpg.jpg
 69,https://img.discogs.com/a3DCOrnYwZ8azFMZ187QidJixvE=/fit-in/600x598/filters:strip_icc():format(jpeg):mode_rgb():quality(90)/discogs-images/R-1015465-1366311867-2785.jpeg.jpg
 70,https://img.discogs.com/Cu9mg7LdSTpVFGz2GOKrmRy2lEI=/fit-in/600x604/filters:strip_icc():format(jpeg):mode_rgb():quality(90)/discogs-images/R-13114025-1548384381-3767.jpeg.jpg
 71,https://img.discogs.com/RkJCXKvdnv0zOk4R7zRnWz32iyI=/fit-in/589x594/filters:strip_icc():format(jpeg):mode_rgb():quality(90)/discogs-images/R-1031388-1253316491.jpeg.jpg
 72,https://img.discogs.com/vh7eJpPqPEZEyabCQ9U1uN1q8C8=/fit-in/600x596/filters:strip_icc():format(jpeg):mode_rgb():quality(90)/discogs-images/R-702350-1474157249-1531.jpeg.jpg
 73,https://img.discogs.com/s7ao_Z5n3fmAEEXPXC52F0ERX7E=/fit-in/600x600/filters:strip_icc():format(jpeg):mode_rgb():quality(90)/discogs-images/R-458939-1588881151-1995.jpeg.jpg
 74,https://img.discogs.com/rKe5-o1ucXvyqKdti9zL_DbSmQA=/fit-in/600x593/filters:strip_icc():format(jpeg):mode_rgb():quality(90)/discogs-images/R-3345290-1415122424-4057.jpeg.jpg
 75,https://img.discogs.com/G3gTVu9llUpAMFX3ZK_LgWzIK2c=/fit-in/267x600/filters:strip_icc():format(jpeg):mode_rgb():quality(90)/discogs-images/R-106606-1162584231.jpeg.jpg
 76,https://img.discogs.com/y5dPt_abuCYEhVj-JKQF1-Q3Dq8=/fit-in/600x600/filters:strip_icc():format(jpeg):mode_rgb():quality(90)/discogs-images/R-194021-1335400289.jpeg.jpg
 77,https://img.discogs.com/QPo51DqcPbI3RqL_EAYOSzsvdbI=/600x398/smart/filters:strip_icc():format(jpeg):mode_rgb():quality(90)/discogs-images/A-84752-1611963033-7852.jpeg.jpg
 78,https://img.discogs.com/jghTn8tI_bG9gSm__k_UToRGEC0=/fit-in/600x613/filters:strip_icc():format(jpeg):mode_rgb():quality(90)/discogs-images/R-2606974-1515015488-1993.jpeg.jpg
 79,https://img.discogs.com/6Xe_NHOO5irq4gCa6-O8ay38EGU=/fit-in/600x598/filters:strip_icc():format(jpeg):mode_rgb():quality(90)/discogs-images/R-1846223-1518900114-9116.jpeg.jpg
 80,https://img.discogs.com/c6sIRpX_xvnebznJQN06JZQ_yYM=/fit-in/600x600/filters:strip_icc():format(jpeg):mode_rgb():quality(90)/discogs-images/R-2883985-1305579624.jpeg.jpg
 81,https://img.discogs.com/U1eYR8oMvBufu6o0BYmy2Xav1KU=/500x334/smart/filters:strip_icc():format(jpeg):mode_rgb():quality(90)/discogs-images/A-29890-1399395989-7849.jpeg.jpg
 82,https://img.discogs.com/fCaLIHl_MbaUTnciSNfdz5zr-3I=/fit-in/500x500/filters:strip_icc():format(jpeg):mode_rgb():quality(90)/discogs-images/R-1044287-1400327359-6935.jpeg.jpg
 83,https://img.discogs.com/U-NfHAW6EZIpF_3xDhdhImvx2Gw=/fit-in/600x600/filters:strip_icc():format(jpeg):mode_rgb():quality(90)/discogs-images/R-1197114-1368135151-6381.jpeg.jpg
 84,https://img.discogs.com/3xSjqcYgC23SWE0IqgpQSwKRXNw=/fit-in/600x600/filters:strip_icc():format(jpeg):mode_rgb():quality(90)/discogs-images/R-7657085-1446948708-5632.jpeg.jpg
 85,https://img.discogs.com/n67x7KWK4V--rqpBXBOkBFn70Lo=/fit-in/600x600/filters:strip_icc():format(jpeg):mode_rgb():quality(90)/discogs-images/R-3020822-1534309943-1500.jpeg.jpg
 86,https://img.discogs.com/LL8NlHDNbx7VRX1Kbp2b8k2No78=/fit-in/600x600/filters:strip_icc():format(jpeg):mode_rgb():quality(90)/discogs-images/R-1343227-1365373608-1010.jpeg.jpg
 87,https://img.discogs.com/p7KdhxY0C7HGtAnIl53OTN0BvV4=/fit-in/588x600/filters:strip_icc():format(jpeg):mode_rgb():quality(90)/discogs-images/R-2041618-1390679025-2372.jpeg.jpg
 88,https://img.discogs.com/b79ayELyHVgsD6NbXsZnjZfF928=/fit-in/600x600/filters:strip_icc():format(jpeg):mode_rgb():quality(90)/discogs-images/R-448766-1396814525-1470.jpeg.jpg
 89,https://img.discogs.com/9lNk0gXM39y7zRsocgRNCS9UQgI=/fit-in/500x497/filters:strip_icc():format(jpeg):mode_rgb():quality(90)/discogs-images/R-564264-1393292637-9336.png.jpg
 90,https://img.discogs.com/u1Khi3avXQBxqW9Za_2RPsIFtyo=/fit-in/600x600/filters:strip_icc():format(jpeg):mode_rgb():quality(90)/discogs-images/R-174477-1314480305.jpeg.jpg
 91,https://img.discogs.com/vAXkbsKQaxiDYl3t24oC2jK51l8=/fit-in/600x600/filters:strip_icc():format(jpeg):mode_rgb():quality(90)/discogs-images/R-6339359-1455627243-5986.jpeg.jpg
 92,https://img.discogs.com/nzASl2sj6ZPvwzJlIWqCPFZ2s1E=/fit-in/600x595/filters:strip_icc():format(jpeg):mode_rgb():quality(90)/discogs-images/R-13891557-1563529907-5010.jpeg.jpg
 93,https://img.discogs.com/UMC0dSD6YE_3twoCrZQSbbprDw8=/fit-in/600x600/filters:strip_icc():format(jpeg):mode_rgb():quality(90)/discogs-images/R-15908076-1600435178-9964.jpeg.jpg
 94,https://img.discogs.com/O-IiAjTMTl8dDJUj4lIz3HSi8Xk=/fit-in/500x500/filters:strip_icc():format(jpeg):mode_rgb():quality(90)/discogs-images/R-2586681-1559945048-1966.jpeg.jpg
 95,https://img.discogs.com/-Il_SKmKof0KuN9Cm4WO_EAMLXw=/fit-in/600x609/filters:strip_icc():format(jpeg):mode_rgb():quality(90)/discogs-images/R-37006-1393484249-2215.jpeg.jpg
 96,https://img.discogs.com/89-udYLFKLdwWuvTj5sH3ecZDBU=/fit-in/600x600/filters:strip_icc():format(jpeg):mode_rgb():quality(90)/discogs-images/R-810914-1366712892-9658.jpeg.jpg
 97,https://img.discogs.com/oz3HHFYrh7QARVbuSNh1GhOMPy4=/fit-in/600x599/filters:strip_icc():format(jpeg):mode_rgb():quality(90)/discogs-images/R-1596438-1301991747.jpeg.jpg
 98,https://img.discogs.com/ZGtm1JgXZUSxJlq-wKeGEkxzfEA=/fit-in/440x436/filters:strip_icc():format(jpeg):mode_rgb():quality(90)/discogs-images/R-756654-1301444206.jpeg.jpg
 99,https://img.discogs.com/eiBUrsJOj6OCpF3p7IFbX0QvX8k=/550x343/smart/filters:strip_icc():format(jpeg):mode_rgb():quality(90)/discogs-images/A-30419-1611130940-4833.jpeg.jpg
 100,https://img.discogs.com/JZdQz_XA8jps3GWsCkJ8orpm7w4=/fit-in/600x600/filters:strip_icc():format(jpeg):mode_rgb():quality(90)/discogs-images/R-2652520-1454618815-8299.jpeg.jpg
 101,https://img.discogs.com/FSc7HPnFUA3KFeJXYppty-pGlxs=/fit-in/600x600/filters:strip_icc():format(jpeg):mode_rgb():quality(90)/discogs-images/R-1376047-1336953366-1209.jpeg.jpg
 102,https://img.discogs.com/q8Ex0uw0WdzNpPvtA7lQbrR2fH0=/fit-in/600x600/filters:strip_icc():format(jpeg):mode_rgb():quality(90)/discogs-images/R-1751883-1538129913-3491.jpeg.jpg
 103,https://img.discogs.com/jpn8JZtulqurdSTyReTYoxJJr4k=/fit-in/280x283/filters:strip_icc():format(jpeg):mode_rgb():quality(90)/discogs-images/R-2155244-1282286595.jpeg.jpg
 104,https://img.discogs.com/NCZKczfhcdRA015hXBwMukzorGU=/fit-in/600x600/filters:strip_icc():format(jpeg):mode_rgb():quality(90)/discogs-images/R-7254128-1559296274-4995.jpeg.jpg
 105,https://img.discogs.com/41_3SDdVnzSNcNGEWQQOsfxOYHs=/fit-in/600x601/filters:strip_icc():format(jpeg):mode_rgb():quality(90)/discogs-images/R-14228194-1570295581-7847.jpeg.jpg
 106,https://img.discogs.com/h_xTdq1nKTPYv3pQ4NnJVFd8wzU=/fit-in/500x500/filters:strip_icc():format(jpeg):mode_rgb():quality(90)/discogs-images/R-1292101-1206985577.jpeg.jpg
 107,https://img.discogs.com/sOW-OE5klcrB0lDc8SD_JHbDQxU=/fit-in/600x590/filters:strip_icc():format(jpeg):mode_rgb():quality(90)/discogs-images/R-14603750-1578157002-8216.jpeg.jpg
 108,https://img.discogs.com/I_y9Iqw2KNOyae_b_qxR4uov3ZU=/fit-in/390x400/filters:strip_icc():format(jpeg):mode_rgb():quality(90)/discogs-images/R-422921-1352848584-4544.jpeg.jpg
 109,https://img.discogs.com/K3OP29j28ccZheROsuoXXSh9z4I=/fit-in/600x597/filters:strip_icc():format(jpeg):mode_rgb():quality(90)/discogs-images/R-5686588-1418577627-5021.jpeg.jpg
 110,https://img.discogs.com/YOp0OALgsdnmKtrydfascw170Qc=/fit-in/400x400/filters:strip_icc():format(jpeg):mode_rgb():quality(90)/discogs-images/R-894229-1171240705.jpeg.jpg
 111,https://img.discogs.com/ni4boGPdYx13015G-EwNWAa4bXg=/fit-in/600x600/filters:strip_icc():format(jpeg):mode_rgb():quality(90)/discogs-images/R-368116-1588883936-8247.jpeg.jpg
 112,https://img.discogs.com/tpQsQCZHSDrc9fd81vRRHle08TA=/fit-in/600x594/filters:strip_icc():format(jpeg):mode_rgb():quality(90)/discogs-images/R-10368014-1496100428-3898.jpeg.jpg
 113,https://img.discogs.com/4gOauHpwoBpyFDlmv5Xaca-3d4Y=/fit-in/600x603/filters:strip_icc():format(jpeg):mode_rgb():quality(90)/discogs-images/R-892417-1519955876-8631.jpeg.jpg
 114,https://img.discogs.com/L3O0-d44S4eMDoIbPmdHd0-Vj_c=/fit-in/600x619/filters:strip_icc():format(jpeg):mode_rgb():quality(90)/discogs-images/R-1358659-1496055161-7572.jpeg.jpg
 115,https://img.discogs.com/c8aEP_xyN2sBxLe06udqUB4sq7U=/fit-in/582x600/filters:strip_icc():format(jpeg):mode_rgb():quality(90)/discogs-images/R-2229657-1338708241-6734.jpeg.jpg
 116,https://img.discogs.com/QIOD0fmtVkdzC5y67SzjgJGox5Y=/fit-in/600x577/filters:strip_icc():format(jpeg):mode_rgb():quality(90)/discogs-images/R-3440213-1330460237.jpeg.jpg
 117,https://img.discogs.com/0l6OTfsl5VhjdT-L4hpYQ6ztXcQ=/fit-in/600x600/filters:strip_icc():format(jpeg):mode_rgb():quality(90)/discogs-images/R-1306997-1373971433-8982.jpeg.jpg
 118,https://img.discogs.com/mGle8Fc_vW0KL4C5mrTEQMom1CU=/fit-in/600x592/filters:strip_icc():format(jpeg):mode_rgb():quality(90)/discogs-images/R-494169-1501269435-3172.jpeg.jpg
 119,https://img.discogs.com/9cWfS5MvvZ3CZTwIdKO6NcNaJKQ=/fit-in/600x604/filters:strip_icc():format(jpeg):mode_rgb():quality(90)/discogs-images/R-4181251-1589229600-4564.png.jpg
 120,https://img.discogs.com/id4XBHu1GWsXmLbVp1RHXN5irbg=/fit-in/600x600/filters:strip_icc():format(jpeg):mode_rgb():quality(90)/discogs-images/R-1081165-1438210211-8591.jpeg.jpg
 121,https://img.discogs.com/eiBUrsJOj6OCpF3p7IFbX0QvX8k=/550x343/smart/filters:strip_icc():format(jpeg):mode_rgb():quality(90)/discogs-images/A-30419-1611130940-4833.jpeg.jpg
 122,https://img.discogs.com/tye2UTBTmvsjOB1cRqy7gi9x3yU=/fit-in/600x588/filters:strip_icc():format(jpeg):mode_rgb():quality(90)/discogs-images/R-10215739-1493545341-3569.jpeg.jpg
 123,https://img.discogs.com/FxvEawPqpZnK50Lt5hw7rEfTN2s=/fit-in/600x600/filters:strip_icc():format(jpeg):mode_rgb():quality(90)/discogs-images/R-230209-1363050681-5143.jpeg.jpg
 124,https://img.discogs.com/ES_5t26aapEd9NDeciGbAMNOCC4=/fit-in/600x597/filters:strip_icc():format(jpeg):mode_rgb():quality(90)/discogs-images/R-1123849-1588093682-3225.jpeg.jpg
 125,https://img.discogs.com/kbxJ82bgarCxxslzYXL--B77Tio=/600x400/smart/filters:strip_icc():format(jpeg):mode_rgb():quality(90)/discogs-images/A-120232-1636151678-9350.jpeg.jpg
 126,https://img.discogs.com/Iwvxur_DPNMNNMrgdHSXUyWFeVI=/fit-in/600x577/filters:strip_icc():format(jpeg):mode_rgb():quality(90)/discogs-images/R-416733-1549542237-9463.jpeg.jpg
 127,https://img.discogs.com/Dvh9kinso-A4fWE3BcZWrEV-ZPY=/fit-in/599x600/filters:strip_icc():format(jpeg):mode_rgb():quality(90)/discogs-images/R-1562820-1235504986.jpeg.jpg
 128,https://img.discogs.com/72oTNzdYPZkUOG24l9GdPmwFm0I=/fit-in/600x600/filters:strip_icc():format(jpeg):mode_rgb():quality(90)/discogs-images/R-489717-1268136694.jpeg.jpg
 129,https://img.discogs.com/fj0GKQdTL5MCWXKU82N2hdjBF7s=/fit-in/600x597/filters:strip_icc():format(jpeg):mode_rgb():quality(90)/discogs-images/R-116491-1541945472-4795.jpeg.jpg
 130,https://img.discogs.com/22AUaRzBy3ngJu03qPVpMyOZdE8=/fit-in/600x599/filters:strip_icc():format(jpeg):mode_rgb():quality(90)/discogs-images/R-8765304-1468293975-3174.jpeg.jpg
 131,https://img.discogs.com/iDfFifUHS4phrV1Rm_HWaCW4x1s=/fit-in/575x564/filters:strip_icc():format(jpeg):mode_rgb():quality(90)/discogs-images/R-696772-1389622198-5735.jpeg.jpg
 132,https://img.discogs.com/TvdJPRMmsASHdsHt_acVLS0BTHo=/fit-in/600x600/filters:strip_icc():format(jpeg):mode_rgb():quality(90)/discogs-images/R-9532890-1588926154-9796.jpeg.jpg
 133,https://img.discogs.com/3JLVQ_UXAnv1_uV-39ORIf8WDpQ=/326x394/smart/filters:strip_icc():format(jpeg):mode_rgb():quality(90)/discogs-images/A-3485-1517672051-5292.jpeg.jpg
 134,https://img.discogs.com/VSWBHhmTV-KeZS8yrzMTZncu_mM=/600x705/smart/filters:strip_icc():format(jpeg):mode_rgb():quality(90)/discogs-images/A-65049-1476549718-2125.jpeg.jpg
 135,https://img.discogs.com/G5ol11h7caCW1xmS0XSl32m-jGk=/fit-in/500x500/filters:strip_icc():format(jpeg):mode_rgb():quality(90)/discogs-images/R-921223-1349134183-2333.jpeg.jpg
 136,https://img.discogs.com/Y_zsbK-VQ4iS_QkVIQ_CsHlT1-I=/fit-in/600x596/filters:strip_icc():format(jpeg):mode_rgb():quality(90)/discogs-images/R-2205129-1396358933-1891.jpeg.jpg
 137,https://img.discogs.com/CwMu9QFznVWyyvohSmAGNCBoc-Q=/fit-in/600x600/filters:strip_icc():format(jpeg):mode_rgb():quality(90)/discogs-images/R-995839-1378266710-7019.jpeg.jpg
 138,https://img.discogs.com/mpWCoWoUh2sBD0ikn7G8Vd-GsfU=/fit-in/600x600/filters:strip_icc():format(jpeg):mode_rgb():quality(90)/discogs-images/R-226082-1239894271.jpeg.jpg
 139,https://img.discogs.com/p_uGM77UZB014I_wC6xYQ4MTIlc=/fit-in/596x600/filters:strip_icc():format(jpeg):mode_rgb():quality(90)/discogs-images/R-431938-1292483368.jpeg.jpg
 140,https://img.discogs.com/JDgsZs1yFMrsqpSOuSL0KEki0y4=/fit-in/600x600/filters:strip_icc():format(jpeg):mode_rgb():quality(90)/discogs-images/R-2580199-1327649065.jpeg.jpg
 141,https://img.discogs.com/QVHA571BJWqdYLO1dd3BnScZENg=/fit-in/600x602/filters:strip_icc():format(jpeg):mode_rgb():quality(90)/discogs-images/R-5984765-1527347984-7492.jpeg.jpg
 142,https://img.discogs.com/2EjMDFxdcYgYByMWOk7KYQyWjIM=/fit-in/600x597/filters:strip_icc():format(jpeg):mode_rgb():quality(90)/discogs-images/R-1162509-1514012854-1679.jpeg.jpg
 143,https://img.discogs.com/Cl_PPzdpmAsyZfmrreHNXt_HmKg=/fit-in/600x593/filters:strip_icc():format(jpeg):mode_rgb():quality(90)/discogs-images/R-423937-1573087494-2232.jpeg.jpg
 144,https://img.discogs.com/PI1QEoignR_a1lsDv4nq_Q_rniM=/fit-in/500x490/filters:strip_icc():format(jpeg):mode_rgb():quality(90)/discogs-images/R-103648-1176825837.jpeg.jpg
 145,https://img.discogs.com/VFe-_x1GTgv8k9mkzsVBCXjoUc0=/fit-in/600x600/filters:strip_icc():format(jpeg):mode_rgb():quality(90)/discogs-images/R-1842334-1319595784.jpeg.jpg
 146,https://img.discogs.com/1iOCP6zpU3H-lLuX7tD1Jn0mVnE=/fit-in/600x600/filters:strip_icc():format(jpeg):mode_rgb():quality(90)/discogs-images/R-2408506-1282394676.jpeg.jpg
 147,https://img.discogs.com/TFfBIxSOM6yxFHH5SsKE7yB-czA=/fit-in/600x600/filters:strip_icc():format(jpeg):mode_rgb():quality(90)/discogs-images/R-1132195-1598904144-3794.jpeg.jpg
 148,https://img.discogs.com/4q2hN-plqPUc_YxWDcaGlTSP0DI=/fit-in/600x600/filters:strip_icc():format(jpeg):mode_rgb():quality(90)/discogs-images/R-455077-1588880788-2226.jpeg.jpg
 149,https://img.discogs.com/Bp_bBQ1QdqaRdyQHgoyyMWquJwI=/fit-in/600x600/filters:strip_icc():format(jpeg):mode_rgb():quality(90)/discogs-images/R-737224-1374075557-2725.jpeg.jpg
 150,https://img.discogs.com/8aez1SQxTOKDw39Di-5ZbMDMIcA=/fit-in/600x600/filters:strip_icc():format(jpeg):mode_rgb():quality(90)/discogs-images/R-3012371-1311677961.jpeg.jpg
 151,https://img.discogs.com/wHFfms7OMx0gtvvCpZC9P92eCEE=/fit-in/600x543/filters:strip_icc():format(jpeg):mode_rgb():quality(90)/discogs-images/R-432932-1427012095-1808.jpeg.jpg
 152,https://img.discogs.com/GolJsSWYkuMK2MuAJ97PGNOK41M=/fit-in/600x593/filters:strip_icc():format(jpeg):mode_rgb():quality(90)/discogs-images/R-2540241-1420568536-4818.jpeg.jpg
 153,https://img.discogs.com/450X_mY8xg5PW8MobPMPOAt2puQ=/fit-in/600x598/filters:strip_icc():format(jpeg):mode_rgb():quality(90)/discogs-images/R-87291-1550096809-8409.jpeg.jpg
 154,https://img.discogs.com/Z-Xmy-PndaJfXXQ-mMrllWeJkTU=/fit-in/600x596/filters:strip_icc():format(jpeg):mode_rgb():quality(90)/discogs-images/R-8014016-1453494733-8811.jpeg.jpg
 155,https://img.discogs.com/jAZUSW7dF-n3dNNpPACQezGBx7k=/fit-in/600x600/filters:strip_icc():format(jpeg):mode_rgb():quality(90)/discogs-images/R-1161224-1236892033.jpeg.jpg
 156,https://img.discogs.com/N8VK_9UASqJZthlcCzAystyT3hs=/fit-in/600x550/filters:strip_icc():format(jpeg):mode_rgb():quality(90)/discogs-images/R-1405831-1424792172-8982.jpeg.jpg
 157,https://img.discogs.com/4VnaPrww7S6I9z0iZxoGsDvP-Vo=/fit-in/600x600/filters:strip_icc():format(jpeg):mode_rgb():quality(90)/discogs-images/R-81692-1538992531-7551.jpeg.jpg
 158,https://img.discogs.com/onRpErpn-zuscBkj1zBB3ZDPEKw=/fit-in/600x600/filters:strip_icc():format(jpeg):mode_rgb():quality(90)/discogs-images/R-811010-1161366395.jpeg.jpg
 159,https://img.discogs.com/RsEOYN7w48_2MXHVVCJx2HHF7Es=/fit-in/600x600/filters:strip_icc():format(jpeg):mode_rgb():quality(90)/discogs-images/R-4530023-1500850218-5573.jpeg.jpg
 160,https://img.discogs.com/9G528p6O6ncz-U_V49hyHl0Zjis=/fit-in/600x600/filters:strip_icc():format(jpeg):mode_rgb():quality(90)/discogs-images/R-451183-1384080656-2600.jpeg.jpg
 161,https://img.discogs.com/E6Kt7nUbHBdkOR-ECqy6Dk7GIDo=/fit-in/600x596/filters:strip_icc():format(jpeg):mode_rgb():quality(90)/discogs-images/R-937690-1585410216-9810.jpeg.jpg
 162,https://img.discogs.com/E0wHA8Kjr33vxrCU0UhD-KH9X8I=/fit-in/600x600/filters:strip_icc():format(jpeg):mode_rgb():quality(90)/discogs-images/R-4950798-1388623611-2362.jpeg.jpg
 163,https://img.discogs.com/jLxqCFaAoCWPRqeXG0KTkzkpfG4=/fit-in/600x600/filters:strip_icc():format(jpeg):mode_rgb():quality(90)/discogs-images/R-10258354-1494378751-7337.jpeg.jpg
 164,https://img.discogs.com/FMsZrjt5LK6TOvS1pPax_WJVlFQ=/fit-in/600x526/filters:strip_icc():format(jpeg):mode_rgb():quality(90)/discogs-images/R-2217279-1270459677.jpeg.jpg
 165,https://img.discogs.com/qrQ0gptyAUixLYNHlst3sAN_aZU=/fit-in/600x606/filters:strip_icc():format(jpeg):mode_rgb():quality(90)/discogs-images/R-305438-1550584469-8419.jpeg.jpg
 166,https://img.discogs.com/yBj3luSRd10DQDUfHdpPNwmHA9g=/600x900/smart/filters:strip_icc():format(jpeg):mode_rgb():quality(90)/discogs-images/A-55029-1236334161.jpeg.jpg
 167,https://img.discogs.com/HSuP6Uqx1DYkX7V9h3o2cC_AV6o=/fit-in/600x600/filters:strip_icc():format(jpeg):mode_rgb():quality(90)/discogs-images/R-1549636-1265948094.jpeg.jpg
 168,https://img.discogs.com/XDK0uW2IukwFScQmJz4yc0E3818=/fit-in/600x598/filters:strip_icc():format(jpeg):mode_rgb():quality(90)/discogs-images/R-471422-1591436297-4238.jpeg.jpg
 169,https://img.discogs.com/lb8zM5rMwF8qnTnImFUQ1eMl41A=/509x494/smart/filters:strip_icc():format(jpeg):mode_rgb():quality(90)/discogs-images/A-41441-1621806162-5474.jpeg.jpg
 170,https://img.discogs.com/rS-YgjwVz1jfmrGaZiPenRQeuwM=/fit-in/600x600/filters:strip_icc():format(jpeg):mode_rgb():quality(90)/discogs-images/R-4501716-1366669586-2267.jpeg.jpg
 171,https://img.discogs.com/1g8rtEZnK3tX9yn4B4za8kxzEOY=/fit-in/600x604/filters:strip_icc():format(jpeg):mode_rgb():quality(90)/discogs-images/R-8338360-1459699424-4876.jpeg.jpg
 172,https://img.discogs.com/-DZoKdZdEZIidhbMTie9g-i-zHQ=/fit-in/600x600/filters:strip_icc():format(jpeg):mode_rgb():quality(90)/discogs-images/R-8606935-1465238427-4494.jpeg.jpg
 173,https://img.discogs.com/pKVkRZnAFhtxkq-UexHRx6R7ITo=/580x580/smart/filters:strip_icc():format(jpeg):mode_rgb():quality(90)/discogs-images/A-138572-1444192307-5932.jpeg.jpg
 174,https://img.discogs.com/BdzrbkkG6-r19MlFlhT9Wgk4e-o=/fit-in/600x608/filters:strip_icc():format(jpeg):mode_rgb():quality(90)/discogs-images/R-10672431-1581814381-7517.jpeg.jpg
 175,https://img.discogs.com/yeWlBIwp3ePttrnX04bl_Kiy7DA=/600x873/smart/filters:strip_icc():format(jpeg):mode_rgb():quality(90)/discogs-images/A-170357-1640092497-8245.jpeg.jpg
 176,https://img.discogs.com/pnTxU5Se3wg5FUuSLFEAKGIV6LY=/fit-in/600x606/filters:strip_icc():format(jpeg):mode_rgb():quality(90)/discogs-images/R-380484-1557603317-5803.jpeg.jpg
 177,https://img.discogs.com/7fqEksQcgtufhRCLNXEvevZj228=/fit-in/600x601/filters:strip_icc():format(jpeg):mode_rgb():quality(90)/discogs-images/R-475153-1174977519.jpeg.jpg
 178,https://img.discogs.com/EN7jgKYNWwfKUvEw1p4Ru7fHLW8=/fit-in/600x600/filters:strip_icc():format(jpeg):mode_rgb():quality(90)/discogs-images/R-2310634-1284951918.jpeg.jpg
 179,https://img.discogs.com/wdOc8pCC9sfSnQXk_QOrQgqIRqs=/fit-in/600x534/filters:strip_icc():format(jpeg):mode_rgb():quality(90)/discogs-images/R-555054-1146139398.jpeg.jpg
 180,https://img.discogs.com/Z3SMJ6TVLnqYAx_ahN577CGVaZU=/fit-in/576x614/filters:strip_icc():format(jpeg):mode_rgb():quality(90)/discogs-images/R-3996295-1351780101-8753.jpeg.jpg
 181,https://img.discogs.com/lb8zM5rMwF8qnTnImFUQ1eMl41A=/509x494/smart/filters:strip_icc():format(jpeg):mode_rgb():quality(90)/discogs-images/A-41441-1621806162-5474.jpeg.jpg
 182,https://img.discogs.com/69TqrLXkOJLAVgRh7PE2spVQLBE=/fit-in/600x600/filters:strip_icc():format(jpeg):mode_rgb():quality(90)/discogs-images/R-13552836-1556385191-7311.jpeg.jpg
 183,https://img.discogs.com/kzwEMR9hmHgkQl5afMoF5nxs3Lw=/fit-in/600x598/filters:strip_icc():format(jpeg):mode_rgb():quality(90)/discogs-images/R-1560450-1539836188-5933.jpeg.jpg
 184,https://img.discogs.com/5sMY-WgqyOIZMjo0azHNephzHf0=/fit-in/600x601/filters:strip_icc():format(jpeg):mode_rgb():quality(90)/discogs-images/R-6363459-1417392159-7454.jpeg.jpg
 185,https://img.discogs.com/GkE22FZh2Dt9YcBGWMOHkSpaN90=/fit-in/600x600/filters:strip_icc():format(jpeg):mode_rgb():quality(90)/discogs-images/R-4282482-1375913082-1796.jpeg.jpg
 186,https://img.discogs.com/eiBUrsJOj6OCpF3p7IFbX0QvX8k=/550x343/smart/filters:strip_icc():format(jpeg):mode_rgb():quality(90)/discogs-images/A-30419-1611130940-4833.jpeg.jpg
 187,https://img.discogs.com/6uD5mTbi0JfQsgwq1a880CMXS98=/fit-in/600x599/filters:strip_icc():format(jpeg):mode_rgb():quality(90)/discogs-images/R-379028-1159622661.jpeg.jpg
 188,https://img.discogs.com/9ujEqeXl5sI-DoSEx-wYzu7TZT8=/fit-in/600x607/filters:strip_icc():format(jpeg):mode_rgb():quality(90)/discogs-images/R-2530941-1320651689.jpeg.jpg
 189,https://img.discogs.com/6HPn1rnyM6yfhJ7yND0XBTaWvz0=/fit-in/600x600/filters:strip_icc():format(jpeg):mode_rgb():quality(90)/discogs-images/R-3043498-1316889116.jpeg.jpg
 190,https://img.discogs.com/_HfywzFNS5LNHRILV5liVoiB7PY=/600x778/smart/filters:strip_icc():format(jpeg):mode_rgb():quality(90)/discogs-images/A-27518-1622401909-5918.jpeg.jpg
 191,https://img.discogs.com/fwqy_sOhtuSm9ZKo3PmWIwFizUs=/fit-in/598x600/filters:strip_icc():format(jpeg):mode_rgb():quality(90)/discogs-images/R-1352562-1395069812-3469.jpeg.jpg
 192,https://img.discogs.com/fl6nfVrd9QvB0zcmsC7uwkW5qUc=/496x300/smart/filters:strip_icc():format(jpeg):mode_rgb():quality(90)/discogs-images/A-285133-1121852993.jpg.jpg
 193,https://img.discogs.com/_aD_ZCgjICJ9ilW_hdav_yk1tSo=/fit-in/600x600/filters:strip_icc():format(jpeg):mode_rgb():quality(90)/discogs-images/R-2103788-1507814667-9558.jpeg.jpg
 194,https://img.discogs.com/UwGIE_SBdlVUpgFxoFxfMc5E4Io=/fit-in/600x601/filters:strip_icc():format(jpeg):mode_rgb():quality(90)/discogs-images/R-727363-1465323262-6330.jpeg.jpg
 195,https://img.discogs.com/R6rMvls855GFOwJUO5k-mYaON14=/600x600/smart/filters:strip_icc():format(jpeg):mode_rgb():quality(90)/discogs-images/A-291340-1627134214-4152.jpeg.jpg
 196,https://img.discogs.com/Cfj2zs37mrfIEuq3di2kCQHQ52U=/fit-in/600x591/filters:strip_icc():format(jpeg):mode_rgb():quality(90)/discogs-images/R-13732841-1559982012-2453.jpeg.jpg
 197,https://img.discogs.com/gZZRoeB49WvUspLMEu4jwW47ACA=/600x351/smart/filters:strip_icc():format(jpeg):mode_rgb():quality(90)/discogs-images/A-74500-1629114336-2844.jpeg.jpg
 198,https://img.discogs.com/UeUnAW9GKo5aIbCQJ1K8F3K_TTg=/fit-in/600x600/filters:strip_icc():format(jpeg):mode_rgb():quality(90)/discogs-images/R-3437964-1421102493-6066.jpeg.jpg
 199,https://img.discogs.com/a_hLo7SYksp3kYqZ13zZQruT-hc=/fit-in/600x600/filters:strip_icc():format(jpeg):mode_rgb():quality(90)/discogs-images/R-15556604-1594102056-4808.jpeg.jpg
 200,https://img.discogs.com/u-384iTupCHfRLHewTnF_J8NMho=/fit-in/600x600/filters:strip_icc():format(jpeg):mode_rgb():quality(90)/discogs-images/R-400587-1533834528-3133.jpeg.jpg
 201,https://img.discogs.com/M-I84rYymLRYBP673UWYzXQryUo=/fit-in/600x536/filters:strip_icc():format(jpeg):mode_rgb():quality(90)/discogs-images/R-8851865-1470109077-8219.jpeg.jpg
 202,https://img.discogs.com/KczlGl_1rqJfHZB8kcp-6Ev2_dY=/fit-in/600x608/filters:strip_icc():format(jpeg):mode_rgb():quality(90)/discogs-images/R-1836118-1589388791-5032.jpeg.jpg
 203,https://img.discogs.com/klLG5j9QLorFg71s772nvLY0Dpg=/fit-in/598x600/filters:strip_icc():format(jpeg):mode_rgb():quality(90)/discogs-images/R-459606-1450389425-8852.jpeg.jpg
 204,https://img.discogs.com/llbi2J7y6x1ju092LOHiTRGscwA=/fit-in/600x600/filters:strip_icc():format(jpeg):mode_rgb():quality(90)/discogs-images/R-769530-1530523014-6184.jpeg.jpg
 205,https://img.discogs.com/f-JU3ZJoVVaf1LrloQHx3bL-zSo=/fit-in/600x601/filters:strip_icc():format(jpeg):mode_rgb():quality(90)/discogs-images/R-2906892-1306677383.jpeg.jpg
 206,https://img.discogs.com/hLjqZqLFFimWOeOCkIt-a0JHXU4=/fit-in/600x600/filters:strip_icc():format(jpeg):mode_rgb():quality(90)/discogs-images/R-7690671-1446822344-3754.jpeg.jpg
 207,https://img.discogs.com/Vku1wPUfxvCw4EjzDSUbd9peTos=/fit-in/600x610/filters:strip_icc():format(jpeg):mode_rgb():quality(90)/discogs-images/R-6534046-1616261345-5414.jpeg.jpg
 208,https://img.discogs.com/J04pLtxi1a04Q17KIIJyNUzrops=/fit-in/600x600/filters:strip_icc():format(jpeg):mode_rgb():quality(90)/discogs-images/R-473873-1162814505.jpeg.jpg
 209,https://img.discogs.com/Toa3HzW0XjhhSOZqoVC6P0y_hRU=/600x397/smart/filters:strip_icc():format(jpeg):mode_rgb():quality(90)/discogs-images/A-175395-1615753209-5320.jpeg.jpg
 210,https://img.discogs.com/fPM-tkaursYErF2t0705Gj6sCgE=/fit-in/600x599/filters:strip_icc():format(jpeg):mode_rgb():quality(90)/discogs-images/R-1657174-1235574215.jpeg.jpg
 211,https://img.discogs.com/49xkF6COV5H3B1qYvOHHciY6brQ=/fit-in/600x600/filters:strip_icc():format(jpeg):mode_rgb():quality(90)/discogs-images/R-463597-1560369536-8302.jpeg.jpg
 212,https://img.discogs.com/zZBorf9CADH8AVqdFBPs_dfvkOg=/fit-in/600x597/filters:strip_icc():format(jpeg):mode_rgb():quality(90)/discogs-images/R-379401-1248294358.jpeg.jpg
 213,https://img.discogs.com/0M1RE8WVc46yDJxOhAGj06zEsEM=/fit-in/600x600/filters:strip_icc():format(jpeg):mode_rgb():quality(90)/discogs-images/R-1931909-1559219585-1890.jpeg.jpg
 214,https://img.discogs.com/3DuftNzpdM9O2RCk_Isl1-eOT2M=/355x400/smart/filters:strip_icc():format(jpeg):mode_rgb():quality(90)/discogs-images/A-238213-1152002160.jpeg.jpg
 215,https://img.discogs.com/tOC2Gj13ovNewsLIZsIsCenH1nE=/fit-in/600x600/filters:strip_icc():format(jpeg):mode_rgb():quality(90)/discogs-images/R-7438216-1441570177-2027.jpeg.jpg
 216,https://img.discogs.com/4qR_5kkEOTtgrBalzdOk9W-z45o=/fit-in/591x600/filters:strip_icc():format(jpeg):mode_rgb():quality(90)/discogs-images/R-4796303-1381664821-4308.jpeg.jpg
 217,https://img.discogs.com/pW_IemfZFt70XAZOiwVGbFkj7n4=/fit-in/600x615/filters:strip_icc():format(jpeg):mode_rgb():quality(90)/discogs-images/R-2328674-1590266247-1152.jpeg.jpg
 218,https://img.discogs.com/EuGrdp1lqK_2NtuWkpkRaPdPPPw=/fit-in/600x600/filters:strip_icc():format(jpeg):mode_rgb():quality(90)/discogs-images/R-494927-1230854023.jpeg.jpg
 219,https://img.discogs.com/--oyBfBOaMI_SeMTX57AmX8xW6k=/fit-in/600x600/filters:strip_icc():format(jpeg):mode_rgb():quality(90)/discogs-images/R-5531755-1395920906-7292.jpeg.jpg
 220,https://img.discogs.com/gBmIjuW_meMmddzlQtIo_alTdF8=/fit-in/600x600/filters:strip_icc():format(jpeg):mode_rgb():quality(90)/discogs-images/R-389034-1610977636-9090.jpeg.jpg
 221,https://img.discogs.com/250whDV6rD3Z1VwY-hNjSrv8rrQ=/fit-in/280x280/filters:strip_icc():format(jpeg):mode_rgb():quality(90)/discogs-images/R-127622-1250208679.jpeg.jpg
 222,https://img.discogs.com/3g07JdMP6sXtBWqIlG-RBOS33T0=/fit-in/600x600/filters:strip_icc():format(jpeg):mode_rgb():quality(90)/discogs-images/R-2505256-1351868607-3058.jpeg.jpg
 223,https://img.discogs.com/LVl697iMR8Fv8vG616JWazHvvlo=/fit-in/600x596/filters:strip_icc():format(jpeg):mode_rgb():quality(90)/discogs-images/R-786161-1617378697-3405.jpeg.jpg
 224,https://img.discogs.com/yb3aoSB-zlPhFMsTG4XnaDWCFJ0=/fit-in/600x605/filters:strip_icc():format(jpeg):mode_rgb():quality(90)/discogs-images/R-2177697-1564457379-9416.jpeg.jpg
 225,https://img.discogs.com/2jJUWUQv8iZYiif-qutqBnNadjo=/fit-in/600x589/filters:strip_icc():format(jpeg):mode_rgb():quality(90)/discogs-images/R-973706-1488163916-8517.jpeg.jpg
 226,https://img.discogs.com/L4spsuTpzC9Z4D4_FyOL6-qTHP0=/fit-in/600x600/filters:strip_icc():format(jpeg):mode_rgb():quality(90)/discogs-images/R-648676-1610104853-5669.jpeg.jpg
 227,https://img.discogs.com/eCx2HSayuxqAyLCUbvvyRjE3-2g=/fit-in/550x550/filters:strip_icc():format(jpeg):mode_rgb():quality(90)/discogs-images/R-2805906-1396136015-2237.jpeg.jpg
 228,https://img.discogs.com/kpWjJCX8-zEw40zVj_EyxnD4y_8=/fit-in/590x600/filters:strip_icc():format(jpeg):mode_rgb():quality(90)/discogs-images/R-53282-1203009189.jpeg.jpg
 229,https://img.discogs.com/xuHs3VmONmnaz6uYgaeAL9akwTM=/fit-in/600x601/filters:strip_icc():format(jpeg):mode_rgb():quality(90)/discogs-images/R-6790493-1588177249-3675.jpeg.jpg
 230,https://img.discogs.com/oaOFqpHKr8NhQlYh7kG8sqFOkX4=/fit-in/600x596/filters:strip_icc():format(jpeg):mode_rgb():quality(90)/discogs-images/R-2985174-1376885119-2504.jpeg.jpg
 231,https://img.discogs.com/o9Hq8y7MuzStnKzXNyjfMAb9JE4=/fit-in/600x594/filters:strip_icc():format(jpeg):mode_rgb():quality(90)/discogs-images/R-612780-1541367145-2127.jpeg.jpg
 232,https://img.discogs.com/lNtxTMzmZzIqRoUV3LznRrAAHQs=/fit-in/600x600/filters:strip_icc():format(jpeg):mode_rgb():quality(90)/discogs-images/R-4893112-1378672932-8646.jpeg.jpg
 233,https://img.discogs.com/EIx2CVHbxRO0SDuCtiFwpg3vQAU=/fit-in/600x600/filters:strip_icc():format(jpeg):mode_rgb():quality(90)/discogs-images/R-1456636-1221103689.jpeg.jpg
 234,https://img.discogs.com/gdUQnZYSMJRSQ-OsRKrQOKvVWnM=/fit-in/600x600/filters:strip_icc():format(jpeg):mode_rgb():quality(90)/discogs-images/R-1247699-1463256104-5077.jpeg.jpg
 235,https://img.discogs.com/YDGn1gVAOqkJ4yscgnHIYW2hx0k=/fit-in/479x478/filters:strip_icc():format(jpeg):mode_rgb():quality(90)/discogs-images/R-3318385-1325538670.jpeg.jpg
 236,https://img.discogs.com/PExK9K43R2UwGnEe_srv_Y_ekak=/fit-in/600x1126/filters:strip_icc():format(jpeg):mode_rgb():quality(90)/discogs-images/R-6841706-1437949103-2254.jpeg.jpg
 237,https://img.discogs.com/9hiiE6EWl84-w7KN9OJq5tOFQQI=/fit-in/600x595/filters:strip_icc():format(jpeg):mode_rgb():quality(90)/discogs-images/R-930764-1213964758.jpeg.jpg
 238,https://img.discogs.com/ZVMM3OdcqRKJ4K056MW3pXU_xCA=/fit-in/519x522/filters:strip_icc():format(jpeg):mode_rgb():quality(90)/discogs-images/R-7697644-1446949931-6231.jpeg.jpg
 239,https://img.discogs.com/oFv5mk65U2qVPrcdzO9EOtVd0C0=/fit-in/600x592/filters:strip_icc():format(jpeg):mode_rgb():quality(90)/discogs-images/R-116237-1538315766-4634.jpeg.jpg
 240,https://img.discogs.com/hyXTMYZrbHuZv-zF7L_TSXLYP0w=/fit-in/600x605/filters:strip_icc():format(jpeg):mode_rgb():quality(90)/discogs-images/R-3087067-1589290204-3603.jpeg.jpg
 241,https://img.discogs.com/iYENz1QkuTPVs8aH-PEbAGTfQD0=/fit-in/600x600/filters:strip_icc():format(jpeg):mode_rgb():quality(90)/discogs-images/R-391888-1303510793.jpeg.jpg
 242,https://img.discogs.com/SHgNXiUfZLb0BqjI_c41i_uY5HM=/fit-in/600x603/filters:strip_icc():format(jpeg):mode_rgb():quality(90)/discogs-images/R-230122-1300387851.jpeg.jpg
 243,https://img.discogs.com/rMGVV4I8mM_YLZqmdHZoWhG-VjU=/fit-in/600x591/filters:strip_icc():format(jpeg):mode_rgb():quality(90)/discogs-images/R-462466-1464284643-3601.jpeg.jpg
 244,https://img.discogs.com/p-oMn8Vmk3DpcPwG86Nzd8oQQSY=/fit-in/600x610/filters:strip_icc():format(jpeg):mode_rgb():quality(90)/discogs-images/R-223754-1638217004-4565.jpeg.jpg
 245,https://img.discogs.com/7gPIJWJhkxfQMwrDR_lXqd41TBE=/fit-in/600x526/filters:strip_icc():format(jpeg):mode_rgb():quality(90)/discogs-images/R-2749173-1601938779-8324.jpeg.jpg
 246,https://img.discogs.com/lcaNDTtBOojvbG2a5Fo8xdfzFXI=/fit-in/600x606/filters:strip_icc():format(jpeg):mode_rgb():quality(90)/discogs-images/R-538636-1435321700-7614.jpeg.jpg
 247,https://img.discogs.com/mlcrRaXON7qlpkc1pPgGJdHJolc=/fit-in/600x603/filters:strip_icc():format(jpeg):mode_rgb():quality(90)/discogs-images/R-1150844-1587371603-1694.jpeg.jpg
 248,https://img.discogs.com/Px82OSzDFGt3wHlYP_Fpwqlgkx0=/fit-in/600x591/filters:strip_icc():format(jpeg):mode_rgb():quality(90)/discogs-images/R-488973-1537684103-9468.jpeg.jpg
 249,https://img.discogs.com/AvCs6XiHmyar4VYRYvSu7caOcKI=/fit-in/600x590/filters:strip_icc():format(jpeg):mode_rgb():quality(90)/discogs-images/R-8071425-1454593567-4874.jpeg.jpg
 250,https://img.discogs.com/uFJHzaENQqL8tgr27RM_WuJdNH0=/fit-in/600x600/filters:strip_icc():format(jpeg):mode_rgb():quality(90)/discogs-images/R-227021-1504706218-9626.jpeg.jpg
 251,https://img.discogs.com/ep57L4wp6DlHm71A7-gNNC_ykBg=/fit-in/600x600/filters:strip_icc():format(jpeg):mode_rgb():quality(90)/discogs-images/R-216166-1275625649.jpeg.jpg
 252,https://img.discogs.com/IFlaPpYnDRpCp4m9WD49m20kPJA=/fit-in/600x599/filters:strip_icc():format(jpeg):mode_rgb():quality(90)/discogs-images/R-856870-1638910221-2125.jpeg.jpg
 253,https://img.discogs.com/b-2_WNL8e6jGf_am3cm-oRrKx94=/fit-in/600x509/filters:strip_icc():format(jpeg):mode_rgb():quality(90)/discogs-images/R-1637493-1495375836-7079.jpeg.jpg
 254,https://img.discogs.com/ipDJ3n7CccOk7ZHP0hEkCDg7p5g=/fit-in/596x600/filters:strip_icc():format(jpeg):mode_rgb():quality(90)/discogs-images/R-2537596-1562417983-2046.jpeg.jpg
 255,https://img.discogs.com/bM6UIFFR7TYuPUsZjgitgaKVpds=/600x435/smart/filters:strip_icc():format(jpeg):mode_rgb():quality(90)/discogs-images/A-18839-1555854164-2387.jpeg.jpg
 256,https://img.discogs.com/Oqk7sqr8zhRAx4j6JdkyTD4fCrw=/fit-in/600x600/filters:strip_icc():format(jpeg):mode_rgb():quality(90)/discogs-images/R-75547-1580075275-7157.jpeg.jpg
 257,https://img.discogs.com/1KbPUYYUGxdb1mFgwB7HND_dKaU=/fit-in/600x593/filters:strip_icc():format(jpeg):mode_rgb():quality(90)/discogs-images/R-6981271-1513569493-5661.jpeg.jpg
 258,https://img.discogs.com/n1kgLrTbKUGZEH-UpLHhfuT2Vyw=/fit-in/599x599/filters:strip_icc():format(jpeg):mode_rgb():quality(90)/discogs-images/R-2022062-1398778499-2194.jpeg.jpg
 259,https://img.discogs.com/zJwQriQcBFguK_g9BbNt6gYaaA0=/fit-in/600x604/filters:strip_icc():format(jpeg):mode_rgb():quality(90)/discogs-images/R-427092-1283229493.jpeg.jpg
 260,https://img.discogs.com/8XK5SLQPpx404mLeeB9kvrkAzRY=/fit-in/600x600/filters:strip_icc():format(jpeg):mode_rgb():quality(90)/discogs-images/R-626367-1315160375.jpeg.jpg
 261,https://img.discogs.com/9CkQVL3BHx5b5Yxjha8QDm_2Fug=/fit-in/500x500/filters:strip_icc():format(jpeg):mode_rgb():quality(90)/discogs-images/R-681945-1199403323.jpeg.jpg
 262,https://img.discogs.com/5PJUpklQcF-x101X1Jo75X4AI_Q=/600x839/smart/filters:strip_icc():format(jpeg):mode_rgb():quality(90)/discogs-images/A-236968-1581071113-9714.jpeg.jpg
 263,https://img.discogs.com/yHbY9j3TSgiARQc3Jrv9zb9TVnE=/fit-in/600x600/filters:strip_icc():format(jpeg):mode_rgb():quality(90)/discogs-images/R-761153-1307687791.jpeg.jpg
 264,https://img.discogs.com/JZcj94YjwFyTdzsQ4_YLZyQlw3g=/fit-in/600x600/filters:strip_icc():format(jpeg):mode_rgb():quality(90)/discogs-images/R-8684811-1469117715-3190.jpeg.jpg
 265,https://img.discogs.com/5E1y1b8MBwPNyKvASmGYIcFRSLY=/fit-in/600x600/filters:strip_icc():format(jpeg):mode_rgb():quality(90)/discogs-images/R-3454564-1331009571.jpeg.jpg
 266,https://img.discogs.com/pQH9Xyhz-plGqxlkWpEY3YudU-w=/fit-in/600x600/filters:strip_icc():format(jpeg):mode_rgb():quality(90)/discogs-images/R-1431998-1221024602.jpeg.jpg
 267,https://img.discogs.com/lHBTyOsHfIJ9WJhssQ6_ro6BFyM=/fit-in/600x593/filters:strip_icc():format(jpeg):mode_rgb():quality(90)/discogs-images/R-1065082-1301129991.jpeg.jpg
 268,https://img.discogs.com/gdUQnZYSMJRSQ-OsRKrQOKvVWnM=/fit-in/600x600/filters:strip_icc():format(jpeg):mode_rgb():quality(90)/discogs-images/R-1247699-1463256104-5077.jpeg.jpg
 269,https://img.discogs.com/tE60fMJ5MnEcRbdhmq9n4QfSQKk=/fit-in/600x611/filters:strip_icc():format(jpeg):mode_rgb():quality(90)/discogs-images/R-369883-1594750551-4786.jpeg.jpg
 270,https://img.discogs.com/00Sm0o5rGaXH8yaLidAEUEilp4c=/fit-in/600x594/filters:strip_icc():format(jpeg):mode_rgb():quality(90)/discogs-images/R-3030024-1432304238-1421.jpeg.jpg
 271,https://img.discogs.com/l93OWwEN2F17jHyz2qdSfDctA4E=/fit-in/600x600/filters:strip_icc():format(jpeg):mode_rgb():quality(90)/discogs-images/R-869037-1311191110.jpeg.jpg
 272,https://img.discogs.com/UgGjBty3Ue7Ulu16fd52BytVH-8=/fit-in/600x592/filters:strip_icc():format(jpeg):mode_rgb():quality(90)/discogs-images/R-462359-1250821088.jpeg.jpg
 273,https://img.discogs.com/TzNhkU0XR4uHxrQa4ADlAKDHckc=/400x391/smart/filters:strip_icc():format(jpeg):mode_rgb():quality(90)/discogs-images/A-86094-1619251146-3687.jpeg.jpg
 274,https://img.discogs.com/7Rge9EXhpISkIWeOhHFLUCtcStU=/fit-in/600x605/filters:strip_icc():format(jpeg):mode_rgb():quality(90)/discogs-images/R-19938169-1629529395-4187.jpeg.jpg
 275,https://img.discogs.com/qg3QA6AT0-BSmLhCf7vKFd_gDvQ=/fit-in/500x500/filters:strip_icc():format(jpeg):mode_rgb():quality(90)/discogs-images/R-186451-1283620752.jpeg.jpg
 276,https://img.discogs.com/Q4B_7F8uVhOSqw4TQO4ywBpVpAI=/fit-in/599x600/filters:strip_icc():format(jpeg):mode_rgb():quality(90)/discogs-images/R-3000728-1311119353.jpeg.jpg
 277,https://img.discogs.com/bZDNiHXQTKMLv7shKhJgT726M7M=/fit-in/600x595/filters:strip_icc():format(jpeg):mode_rgb():quality(90)/discogs-images/R-6303997-1416023953-8592.jpeg.jpg
 278,https://img.discogs.com/apEfA-UzdU0G2HaXHYmkQLK0UOo=/fit-in/596x600/filters:strip_icc():format(jpeg):mode_rgb():quality(90)/discogs-images/R-652964-1329594799.jpeg.jpg
 279,https://img.discogs.com/TPh1mp5_UCWzQ5eE5_R7WgpZ_yk=/fit-in/550x550/filters:strip_icc():format(jpeg):mode_rgb():quality(90)/discogs-images/R-354906-1412775755-4012.jpeg.jpg
 280,https://img.discogs.com/yKVlju3t6_xaiAykXQb8En1T0NQ=/fit-in/600x600/filters:strip_icc():format(jpeg):mode_rgb():quality(90)/discogs-images/R-374348-1225454808.jpeg.jpg
 281,https://img.discogs.com/LSUkkG8id_cr2_YTkqq-QS74o1I=/fit-in/400x400/filters:strip_icc():format(jpeg):mode_rgb():quality(90)/discogs-images/R-1827293-1296122551.jpeg.jpg
 282,https://img.discogs.com/F6qcoiXdQ19rD6tUwimq8rgpy4c=/fit-in/600x600/filters:strip_icc():format(jpeg):mode_rgb():quality(90)/discogs-images/R-4487456-1385477317-2414.jpeg.jpg
 283,https://img.discogs.com/oen4jnBQxAgFbv97U74_fv_-j6w=/fit-in/600x600/filters:strip_icc():format(jpeg):mode_rgb():quality(90)/discogs-images/R-863997-1399911589-8778.jpeg.jpg
 284,https://img.discogs.com/08K0-JVC53WKp7e1FDxs8mYxHl8=/fit-in/600x600/filters:strip_icc():format(jpeg):mode_rgb():quality(90)/discogs-images/R-190219-1319054863.jpeg.jpg
 285,https://img.discogs.com/CjdWZgVIeV-HDN73IEO61TcfZBs=/fit-in/600x600/filters:strip_icc():format(jpeg):mode_rgb():quality(90)/discogs-images/R-638885-1261224432.jpeg.jpg
 286,https://img.discogs.com/sOl2URrFLwUENWmfHql-PvZ82w4=/fit-in/600x597/filters:strip_icc():format(jpeg):mode_rgb():quality(90)/discogs-images/R-551010-1295560135.jpeg.jpg
 287,https://img.discogs.com/zpfHAMF23CmGGomOq1MVg-kSEf0=/fit-in/600x600/filters:strip_icc():format(jpeg):mode_rgb():quality(90)/discogs-images/R-458505-1381950347-1001.jpeg.jpg
 288,https://img.discogs.com/PPFLCH0u9TLmjClttIfZarb7268=/fit-in/600x595/filters:strip_icc():format(jpeg):mode_rgb():quality(90)/discogs-images/R-4044231-1583093757-8816.jpeg.jpg
 289,https://img.discogs.com/7jS8aeaH1N2tI1OJNpKxkbVmJPU=/fit-in/600x597/filters:strip_icc():format(jpeg):mode_rgb():quality(90)/discogs-images/R-599121-1551283238-2998.jpeg.jpg
 290,https://img.discogs.com/_w3o7lY8ARp38HqakF6ctIFpSO4=/fit-in/600x600/filters:strip_icc():format(jpeg):mode_rgb():quality(90)/discogs-images/R-551002-1508381456-6521.png.jpg
 291,https://img.discogs.com/ZFNst0DULNcNz3X6C4N1tUSLeLg=/fit-in/400x399/filters:strip_icc():format(jpeg):mode_rgb():quality(90)/discogs-images/R-192870-1209765498.jpeg.jpg
 292,https://img.discogs.com/VutXr5GDQuRfVPAL7lPOKTOVe8k=/fit-in/600x600/filters:strip_icc():format(jpeg):mode_rgb():quality(90)/discogs-images/R-2012979-1258510467.jpeg.jpg
 293,https://img.discogs.com/bAWOMcWi4l6FhtaY7f6gPvsT9A8=/fit-in/600x598/filters:strip_icc():format(jpeg):mode_rgb():quality(90)/discogs-images/R-372030-1589295354-7677.jpeg.jpg
 294,https://img.discogs.com/Mx0eCzs84-Jg5rSshh-eMY-hVRo=/fit-in/600x600/filters:strip_icc():format(jpeg):mode_rgb():quality(90)/discogs-images/R-6354742-1481975351-3518.jpeg.jpg
 295,https://img.discogs.com/0PZzhj_q0tCiQRa-WBgp2_UwQRk=/fit-in/600x600/filters:strip_icc():format(jpeg):mode_rgb():quality(90)/discogs-images/R-483725-1124699640.jpg.jpg
 296,https://img.discogs.com/ANqTIc4unjZcPPOhde2zjCwUDTw=/fit-in/596x600/filters:strip_icc():format(jpeg):mode_rgb():quality(90)/discogs-images/R-373240-1189712644.jpeg.jpg
 297,https://img.discogs.com/GMjinVO5OphGIrRv8my76IxvKeM=/fit-in/600x621/filters:strip_icc():format(jpeg):mode_rgb():quality(90)/discogs-images/R-431258-1555180605-3633.jpeg.jpg
 298,https://img.discogs.com/yprttJEyVyr6sqiVi_BP82Ev_AM=/fit-in/600x600/filters:strip_icc():format(jpeg):mode_rgb():quality(90)/discogs-images/R-233445-1584479472-5671.jpeg.jpg
 299,https://img.discogs.com/On3JPilJvJfq5uTOVWaLudqPAVA=/fit-in/600x589/filters:strip_icc():format(jpeg):mode_rgb():quality(90)/discogs-images/R-368184-1384978619-8293.jpeg.jpg
 300,https://img.discogs.com/GavMVSOdfS25zDI24QHBiaY-M9M=/fit-in/597x600/filters:strip_icc():format(jpeg):mode_rgb():quality(90)/discogs-images/R-590773-1330568156.jpeg.jpg
 301,https://img.discogs.com/y0JWr7oKRXKl2gZtPz7VpQy0VLs=/fit-in/600x600/filters:strip_icc():format(jpeg):mode_rgb():quality(90)/discogs-images/R-3022079-1380481250-7043.jpeg.jpg
 302,https://img.discogs.com/QyF6Pr86ahv0Gi2Hh9XCt_wOtAM=/fit-in/598x588/filters:strip_icc():format(jpeg):mode_rgb():quality(90)/discogs-images/R-78957-1206530921.jpeg.jpg
 303,https://img.discogs.com/s8QjKvx5JYMvpwBrleCDqbwrUFg=/fit-in/600x606/filters:strip_icc():format(jpeg):mode_rgb():quality(90)/discogs-images/R-5375007-1588159147-5113.jpeg.jpg
 304,https://img.discogs.com/yJ06_o-pLnSuqAGTjWeSWXXHVKE=/fit-in/600x593/filters:strip_icc():format(jpeg):mode_rgb():quality(90)/discogs-images/R-378673-1355331945-6071.jpeg.jpg
 305,https://img.discogs.com/G_VR6tZYEaeli8ZHP59Ob11PPVo=/fit-in/600x600/filters:strip_icc():format(jpeg):mode_rgb():quality(90)/discogs-images/R-1484789-1265773290.jpeg.jpg
 306,https://img.discogs.com/3LG0qOpVcC_2K-UBjHon-Tt0PSw=/fit-in/600x597/filters:strip_icc():format(jpeg):mode_rgb():quality(90)/discogs-images/R-9168171-1476734078-8475.jpeg.jpg
 307,https://img.discogs.com/oYEokRR2wH7BKh46tx8MOv8EcME=/fit-in/593x595/filters:strip_icc():format(jpeg):mode_rgb():quality(90)/discogs-images/R-4953644-1391695856-1514.jpeg.jpg
 308,https://img.discogs.com/j782DtROB95spsfSrYmN2dQnu2M=/fit-in/600x596/filters:strip_icc():format(jpeg):mode_rgb():quality(90)/discogs-images/R-2018290-1478425910-6596.jpeg.jpg
 309,https://img.discogs.com/z_Ovw-qqyMbfo_HxKWlDprCDqYM=/fit-in/600x600/filters:strip_icc():format(jpeg):mode_rgb():quality(90)/discogs-images/R-1331703-1225636130.jpeg.jpg
 310,https://img.discogs.com/cHzn2dQMlZbZSFYtGjc5wjSF2TU=/fit-in/600x591/filters:strip_icc():format(jpeg):mode_rgb():quality(90)/discogs-images/R-1119354-1539367025-8794.jpeg.jpg
 311,https://img.discogs.com/vYWWTyFWB-cphpXztGx4zUsvskU=/fit-in/600x1106/filters:strip_icc():format(jpeg):mode_rgb():quality(90)/discogs-images/R-3804489-1438462267-1007.jpeg.jpg
 312,https://img.discogs.com/zhv8P2bUHpc3iDnKKtQ5qvy6hDg=/fit-in/300x300/filters:strip_icc():format(jpeg):mode_rgb():quality(90)/discogs-images/R-532610-1138250241.jpeg.jpg
 313,https://img.discogs.com/7Ca9uYDqr5owofY_ck6hbnvzSyk=/fit-in/600x603/filters:strip_icc():format(jpeg):mode_rgb():quality(90)/discogs-images/R-1836201-1448835006-8516.jpeg.jpg
 314,https://img.discogs.com/CTg4315jjTtj8m-DrlrenypZDEc=/fit-in/590x600/filters:strip_icc():format(jpeg):mode_rgb():quality(90)/discogs-images/R-227020-1301243535.jpeg.jpg
 315,https://img.discogs.com/jdaOecl1Lg3JZGpeJ7WJ1Ec-agI=/fit-in/600x600/filters:strip_icc():format(jpeg):mode_rgb():quality(90)/discogs-images/R-1024395-1319780626.jpeg.jpg
 316,https://img.discogs.com/AD8KNCvyCpmBQrQ0FI6FIj878Ak=/600x250/smart/filters:strip_icc():format(jpeg):mode_rgb():quality(90)/discogs-images/A-39766-1620457330-8737.jpeg.jpg
 317,https://img.discogs.com/DGoTRv3sOyttjJO1Bvh1n_bSvuM=/fit-in/600x600/filters:strip_icc():format(jpeg):mode_rgb():quality(90)/discogs-images/R-371355-1252316823.jpeg.jpg
 318,https://img.discogs.com/wP6a9_ZhWys8FeKhut4nDVzCIEw=/fit-in/600x623/filters:strip_icc():format(jpeg):mode_rgb():quality(90)/discogs-images/R-436121-1554755077-8874.jpeg.jpg
 319,https://img.discogs.com/n_JFgUkLqa0MhZzA61xV6t1NcBY=/fit-in/600x600/filters:strip_icc():format(jpeg):mode_rgb():quality(90)/discogs-images/R-550415-1460132203-1462.jpeg.jpg
 320,https://img.discogs.com/GVZL5ec4Lkwe5FQHqV_ECYp6nn4=/fit-in/600x600/filters:strip_icc():format(jpeg):mode_rgb():quality(90)/discogs-images/R-267133-1246917437.jpeg.jpg
 321,https://img.discogs.com/Z7jExaRgjw_gKxYdKN4BS1Fw2vk=/fit-in/600x588/filters:strip_icc():format(jpeg):mode_rgb():quality(90)/discogs-images/R-1356775-1431958766-9654.jpeg.jpg
 322,https://img.discogs.com/fkjQVRNNyDAER_tQ2PYARmKOyts=/fit-in/598x600/filters:strip_icc():format(jpeg):mode_rgb():quality(90)/discogs-images/R-7555164-1529638383-4564.jpeg.jpg
 323,https://img.discogs.com/ABr-MY3UZyuFlu1toRKs9O35bOk=/fit-in/600x594/filters:strip_icc():format(jpeg):mode_rgb():quality(90)/discogs-images/R-1606397-1610544474-7841.jpeg.jpg
 324,https://img.discogs.com/1lyZbQX7VuGAX7Ql-qGSh7nAlds=/fit-in/600x600/filters:strip_icc():format(jpeg):mode_rgb():quality(90)/discogs-images/R-4425540-1374431583-4982.jpeg.jpg
 325,https://img.discogs.com/jzqdufddGnmXTZ8J5nLzu9mKgqo=/fit-in/600x600/filters:strip_icc():format(jpeg):mode_rgb():quality(90)/discogs-images/R-732881-1164028651.jpeg.jpg
 326,https://img.discogs.com/5zu3AYWE4vSEzz4SjuqLQ66Sf_g=/fit-in/597x595/filters:strip_icc():format(jpeg):mode_rgb():quality(90)/discogs-images/R-264583-1172426181.jpeg.jpg
 327,https://img.discogs.com/RaTiCIs7-bebXIMrK2jXJrXeBhM=/fit-in/598x592/filters:strip_icc():format(jpeg):mode_rgb():quality(90)/discogs-images/R-387600-1193765565.jpeg.jpg
 328,https://img.discogs.com/romF60vGFmnwRuLWEBRfvzHRp18=/fit-in/600x600/filters:strip_icc():format(jpeg):mode_rgb():quality(90)/discogs-images/R-1352572-1541977552-4962.jpeg.jpg
 329,https://img.discogs.com/I2-DpqMv0l2KpbodNzjnJcme3K0=/fit-in/600x600/filters:strip_icc():format(jpeg):mode_rgb():quality(90)/discogs-images/R-606644-1234694512.jpeg.jpg
 330,https://img.discogs.com/UyTL1t15aaEZF_FIBNA7STSViV8=/fit-in/600x600/filters:strip_icc():format(jpeg):mode_rgb():quality(90)/discogs-images/R-1273539-1215200268.jpeg.jpg
 331,https://img.discogs.com/nKp-vnKrjv67JVtT3z6rFYyngGI=/fit-in/600x600/filters:strip_icc():format(jpeg):mode_rgb():quality(90)/discogs-images/R-735564-1622054964-1729.jpeg.jpg
 332,https://img.discogs.com/0UhHt32l5jBExbG8OGM1sigB0XQ=/fit-in/595x600/filters:strip_icc():format(jpeg):mode_rgb():quality(90)/discogs-images/R-1005589-1413626931-1896.jpeg.jpg
 333,https://img.discogs.com/CwyfKPEKbc2qA0_oKTpBSIHd0x4=/fit-in/600x600/filters:strip_icc():format(jpeg):mode_rgb():quality(90)/discogs-images/R-853977-1381952141-4447.jpeg.jpg
 334,https://img.discogs.com/p8ejtw_zlvcH9zH9eQRBMBqTE_Y=/600x400/smart/filters:strip_icc():format(jpeg):mode_rgb():quality(90)/discogs-images/A-289622-1630842066-1218.jpeg.jpg
 335,https://img.discogs.com/rzdXxQfP-ucbeeRgRXFR5DbItfE=/fit-in/599x599/filters:strip_icc():format(jpeg):mode_rgb():quality(90)/discogs-images/R-409348-1150567266.jpeg.jpg
 336,https://img.discogs.com/omECGW3Dpn8yf8OT-_TXLsw-lq4=/600x400/smart/filters:strip_icc():format(jpeg):mode_rgb():quality(90)/discogs-images/A-3840-1462781416-2615.jpeg.jpg
 337,https://img.discogs.com/tnEqmcyhhKwA-JaGUFXWDuzu1Vg=/fit-in/600x592/filters:strip_icc():format(jpeg):mode_rgb():quality(90)/discogs-images/R-708318-1586624955-5477.jpeg.jpg
 338,https://img.discogs.com/xdTD3t3umdDoPN_Lt_ayqfFecRo=/fit-in/425x92/filters:strip_icc():format(jpeg):mode_rgb():quality(90)/discogs-images/L-34032-1192157404.jpeg.jpg
 339,https://img.discogs.com/9ATWXKbOeeKDmuOeaCGP-3N4CPE=/fit-in/600x595/filters:strip_icc():format(jpeg):mode_rgb():quality(90)/discogs-images/R-13779806-1560954595-9687.png.jpg
 340,https://img.discogs.com/uLfvgl8Q1DVYiTajOGlRzi5fOyQ=/fit-in/600x602/filters:strip_icc():format(jpeg):mode_rgb():quality(90)/discogs-images/R-581152-1568041765-8786.jpeg.jpg
 341,https://img.discogs.com/g4f68eFuMyn7rp402zUr44DoWh0=/600x509/smart/filters:strip_icc():format(jpeg):mode_rgb():quality(90)/discogs-images/A-1031-1500201712-1208.jpeg.jpg
 342,https://img.discogs.com/IykOnvNFi4mh_8IYimkKGgvJR6o=/600x734/smart/filters:strip_icc():format(jpeg):mode_rgb():quality(90)/discogs-images/A-2725-1476771285-8296.jpeg.jpg
 343,https://img.discogs.com/Jpw2UQaRb-foBrhM2aTrXho33As=/fit-in/593x600/filters:strip_icc():format(jpeg):mode_rgb():quality(90)/discogs-images/R-11858130-1523809299-9011.jpeg.jpg
 344,https://img.discogs.com/X9JavbxfLReAdRsXNv7HucFyHPE=/fit-in/600x599/filters:strip_icc():format(jpeg):mode_rgb():quality(90)/discogs-images/R-844527-1431709769-8514.jpeg.jpg
 345,https://img.discogs.com/tIeZBpVZKdCj6KAkEI_4DkcFN_Y=/fit-in/600x592/filters:strip_icc():format(jpeg):mode_rgb():quality(90)/discogs-images/R-266652-1573705261-3717.jpeg.jpg
 346,https://img.discogs.com/8WnMGZ5cvUaZf5Lg8IS8KgFkemA=/fit-in/599x593/filters:strip_icc():format(jpeg):mode_rgb():quality(90)/discogs-images/R-1005555-1248464166.jpeg.jpg
 347,https://img.discogs.com/rdbf6SmrJVUerKTCN26_d5Y17BM=/fit-in/600x596/filters:strip_icc():format(jpeg):mode_rgb():quality(90)/discogs-images/R-2901203-1607185949-1431.jpeg.jpg
 348,https://img.discogs.com/mFvKI2Avi3EfQfXik1EHyuQLL5Y=/fit-in/597x600/filters:strip_icc():format(jpeg):mode_rgb():quality(90)/discogs-images/R-5576730-1397145999-5528.jpeg.jpg
 349,https://img.discogs.com/rXYKZWUekwOiQg7n513C_EHQyn0=/fit-in/600x600/filters:strip_icc():format(jpeg):mode_rgb():quality(90)/discogs-images/R-259432-1470409847-8596.png.jpg
 350,https://img.discogs.com/TxOHDD_UfbjNjVcDW12CNhhPlM0=/fit-in/600x602/filters:strip_icc():format(jpeg):mode_rgb():quality(90)/discogs-images/R-15837037-1601656193-6996.jpeg.jpg
 351,https://img.discogs.com/fPM-tkaursYErF2t0705Gj6sCgE=/fit-in/600x599/filters:strip_icc():format(jpeg):mode_rgb():quality(90)/discogs-images/R-1657174-1235574215.jpeg.jpg
 352,https://img.discogs.com/s0knbsCmQLA7LsoOqjpP8jYtqAQ=/fit-in/600x602/filters:strip_icc():format(jpeg):mode_rgb():quality(90)/discogs-images/R-382417-1576759900-7863.jpeg.jpg
 353,https://img.discogs.com/y9XdMKENdaPkyhNXqQrsbDoy7Og=/fit-in/600x600/filters:strip_icc():format(jpeg):mode_rgb():quality(90)/discogs-images/R-2606952-1584479562-1967.jpeg.jpg
 354,https://img.discogs.com/bebEvIHKMbzVZyJN99NSn9hzFCs=/fit-in/600x601/filters:strip_icc():format(jpeg):mode_rgb():quality(90)/discogs-images/R-7403788-1535913134-1915.jpeg.jpg
 355,https://img.discogs.com/IG87Jd99HVWNU9qjhqsjrXru4JE=/fit-in/600x600/filters:strip_icc():format(jpeg):mode_rgb():quality(90)/discogs-images/R-15307775-1589506252-8249.jpeg.jpg
 356,https://img.discogs.com/pCsRrkp6XiqJ1AYH2MGlwW4xBMU=/fit-in/600x596/filters:strip_icc():format(jpeg):mode_rgb():quality(90)/discogs-images/R-6381005-1417839908-1779.jpeg.jpg
 357,https://img.discogs.com/XdRvVk8toGfdV_80T8hBOjFwbq0=/fit-in/600x600/filters:strip_icc():format(jpeg):mode_rgb():quality(90)/discogs-images/R-535592-1540835691-4957.jpeg.jpg
 358,https://img.discogs.com/OASsB-80q-WSpIl6Ip3oN8hk1D0=/fit-in/600x600/filters:strip_icc():format(jpeg):mode_rgb():quality(90)/discogs-images/R-1914353-1252138254.jpeg.jpg
 359,https://i.discogs.com/eAdTCoGnTKeDtrMoHIofVDcW4j6gc8mS8S-eHowzbuo/rs:fit/g:sm/q:90/h:600/w:600/czM6Ly9kaXNjb2dz/LWRhdGFiYXNlLWlt/YWdlcy9SLTQ3MjMy/NC0xMzI0MjE3NTUw/LmpwZWc.jpeg
 360,https://img.discogs.com/tO68Fg0LIrpb_TOsKItKAsVYLCs=/fit-in/600x600/filters:strip_icc():format(jpeg):mode_rgb():quality(90)/discogs-images/R-399662-1380775177-9773.jpeg.jpg
 361,https://img.discogs.com/X6E02PkcuwL87EZgT4j-5Utfeaw=/fit-in/300x300/filters:strip_icc():format(jpeg):mode_rgb():quality(90)/discogs-images/R-225181-1094445158.jpg.jpg
 362,https://img.discogs.com/vKBwPMCzzhYF2UfFeosaEAadlG4=/fit-in/600x599/filters:strip_icc():format(jpeg):mode_rgb():quality(90)/discogs-images/R-7086501-1433405772-2682.jpeg.jpg
 363,https://img.discogs.com/E4MUjQ2CZq0QjFLnTOaK1l6aDj4=/fit-in/600x600/filters:strip_icc():format(jpeg):mode_rgb():quality(90)/discogs-images/R-23662-1614154780-8540.jpeg.jpg
 364,https://img.discogs.com/z0br0idk3qqdCOTfB5PyRSyBHIk=/fit-in/600x591/filters:strip_icc():format(jpeg):mode_rgb():quality(90)/discogs-images/R-605307-1520961500-2707.jpeg.jpg
 365,https://img.discogs.com/niu4F-B9BrpcoW0cQ_MOZiN_LoE=/fit-in/600x600/filters:strip_icc():format(jpeg):mode_rgb():quality(90)/discogs-images/R-367339-1259236115.jpeg.jpg
 366,https://img.discogs.com/oMUdyT6tT1eqhrPJ6hz8it55f8U=/fit-in/600x600/filters:strip_icc():format(jpeg):mode_rgb():quality(90)/discogs-images/R-696268-1531038626-8610.jpeg.jpg
 367,https://img.discogs.com/8wI1b-kOv-WHxAn1gp7WuijImSQ=/fit-in/600x602/filters:strip_icc():format(jpeg):mode_rgb():quality(90)/discogs-images/R-74027-1504296218-8697.jpeg.jpg
 368,https://img.discogs.com/uU1GJwK3kt-jBkkGl_uQOxM_iuA=/600x413/smart/filters:strip_icc():format(jpeg):mode_rgb():quality(90)/discogs-images/A-255680-1423878503-2804.jpeg.jpg
 369,https://img.discogs.com/vXIIzK8LGIaxhKOy5WRRIAHnpto=/fit-in/600x600/filters:strip_icc():format(jpeg):mode_rgb():quality(90)/discogs-images/R-451756-1203189616.jpeg.jpg
 370,https://img.discogs.com/_rv3jQTJdY6mgrIChR-NMnG4h_A=/fit-in/500x492/filters:strip_icc():format(jpeg):mode_rgb():quality(90)/discogs-images/R-10405669-1496784069-3618.jpeg.jpg
 371,https://img.discogs.com/gxntQUE5PT0MfiFal_2_TipzNI8=/fit-in/600x600/filters:strip_icc():format(jpeg):mode_rgb():quality(90)/discogs-images/R-612972-1401182963-7322.jpeg.jpg
 372,https://img.discogs.com/pi9Cpt4wequwkxt9vS9pUc5xeYQ=/fit-in/600x598/filters:strip_icc():format(jpeg):mode_rgb():quality(90)/discogs-images/R-5829906-1420810650-6420.jpeg.jpg
 373,https://img.discogs.com/NhovZrZE874CT3DFHqr4sg1w7AY=/fit-in/496x489/filters:strip_icc():format(jpeg):mode_rgb():quality(90)/discogs-images/R-1305465-1241295201.jpeg.jpg
 374,https://img.discogs.com/4o42zcZYF53Sp9BVKO4qyYgO7yU=/fit-in/600x600/filters:strip_icc():format(jpeg):mode_rgb():quality(90)/discogs-images/R-4101329-1455116400-6892.jpeg.jpg
 375,https://img.discogs.com/ZhgAo8M9VLXoR2Nbm4mcfo1F49M=/fit-in/600x600/filters:strip_icc():format(jpeg):mode_rgb():quality(90)/discogs-images/R-1450098-1245656850.jpeg.jpg
 376,https://img.discogs.com/zfDq3_rCstP3hGBDw3yjSQsjfkQ=/fit-in/588x581/filters:strip_icc():format(jpeg):mode_rgb():quality(90)/discogs-images/R-102481-1232146782.jpeg.jpg
 377,https://img.discogs.com/3q52wPxT2oeBqJD7AJj2iG4qZ_I=/fit-in/600x530/filters:strip_icc():format(jpeg):mode_rgb():quality(90)/discogs-images/R-2451323-1284788402.jpeg.jpg
 378,https://img.discogs.com/us3_6FkIhYHLZDkEp5GRFPzZ34Y=/fit-in/600x594/filters:strip_icc():format(jpeg):mode_rgb():quality(90)/discogs-images/R-371341-1262612300.jpeg.jpg
 379,https://img.discogs.com/zH1-OMfDWnaPxB2TlBPYPGzQ9WI=/fit-in/600x590/filters:strip_icc():format(jpeg):mode_rgb():quality(90)/discogs-images/R-4883798-1489694623-6052.jpeg.jpg
 380,https://img.discogs.com/IQMJdmPMOoKJnd1zSrDyCKbVeTQ=/600x400/smart/filters:strip_icc():format(jpeg):mode_rgb():quality(90)/discogs-images/A-386831-1619133876-9959.jpeg.jpg
 381,https://img.discogs.com/6f6fsbvppOILgcMpnH5hK3Ipzw4=/fit-in/596x600/filters:strip_icc():format(jpeg):mode_rgb():quality(90)/discogs-images/R-3201704-1320274582.jpeg.jpg
 382,https://img.discogs.com/nZNOS3nXTe49fG1C2reG8Kl6_uc=/fit-in/600x593/filters:strip_icc():format(jpeg):mode_rgb():quality(90)/discogs-images/R-1169502-1197850475.jpeg.jpg
 383,https://img.discogs.com/2ZhcnxrzL5YGEeXnC3eYB0dCIR0=/fit-in/600x597/filters:strip_icc():format(jpeg):mode_rgb():quality(90)/discogs-images/R-7027316-1431985010-7842.jpeg.jpg
 384,https://img.discogs.com/OsB36oxbMFN2v1Eiab5CAu4MRIA=/fit-in/574x568/filters:strip_icc():format(jpeg):mode_rgb():quality(90)/discogs-images/R-1899235-1453048125-4633.jpeg.jpg
 385,https://img.discogs.com/uRTyEWg9KeuASpRRbdVS4iyX22g=/fit-in/600x599/filters:strip_icc():format(jpeg):mode_rgb():quality(90)/discogs-images/R-455342-1536239331-9768.jpeg.jpg
 386,https://img.discogs.com/evgkIWacJ-2iy2n_TSzQNh4dSTc=/fit-in/600x599/filters:strip_icc():format(jpeg):mode_rgb():quality(90)/discogs-images/R-512366-1356970793-8400.jpeg.jpg
 387,https://img.discogs.com/5IpjJjDMxLXKxkP2PPEXgaLvyUA=/fit-in/600x600/filters:strip_icc():format(jpeg):mode_rgb():quality(90)/discogs-images/R-153749-1185134135.jpeg.jpg
 388,https://img.discogs.com/11un6x3BapJLpdwfcyN3xQMcgSM=/fit-in/600x600/filters:strip_icc():format(jpeg):mode_rgb():quality(90)/discogs-images/R-2033168-1296568734.jpeg.jpg
 389,https://img.discogs.com/sFqrXjUv0sSjYW84zZVJy2afal8=/fit-in/300x300/filters:strip_icc():format(jpeg):mode_rgb():quality(90)/discogs-images/R-1870255-1310130971.jpeg.jpg
 390,https://img.discogs.com/94DKs8le5oClslnognHBlragw_A=/600x397/smart/filters:strip_icc():format(jpeg):mode_rgb():quality(90)/discogs-images/A-116345-1544755266-8160.jpeg.jpg
 391,https://img.discogs.com/hv-_7jNcXQMhTCqLRT9A5fyuGQg=/fit-in/600x595/filters:strip_icc():format(jpeg):mode_rgb():quality(90)/discogs-images/R-4438336-1365224214-9836.jpeg.jpg
 392,https://img.discogs.com/sjv56MU9hw6vGMwy7XEMCzsb6wA=/fit-in/600x581/filters:strip_icc():format(jpeg):mode_rgb():quality(90)/discogs-images/R-1088126-1256950979.jpeg.jpg
 393,https://img.discogs.com/zPYlRA3P9wFSZJhXCHHZlL_uFtg=/fit-in/590x594/filters:strip_icc():format(jpeg):mode_rgb():quality(90)/discogs-images/R-1041774-1295304609.jpeg.jpg
 394,https://img.discogs.com/qp7pWiEDVoiRdjM19ZQ_I_wVTEs=/fit-in/600x596/filters:strip_icc():format(jpeg):mode_rgb():quality(90)/discogs-images/R-7188727-1435713090-2388.jpeg.jpg
 395,https://img.discogs.com/OSIij0M16oQugopl7r7tlkjaYxA=/fit-in/600x577/filters:strip_icc():format(jpeg):mode_rgb():quality(90)/discogs-images/R-935577-1496703574-8307.jpeg.jpg
 396,https://img.discogs.com/6krKC3NSAgjnK6Rf7w1wJ3Zong0=/fit-in/600x600/filters:strip_icc():format(jpeg):mode_rgb():quality(90)/discogs-images/R-1048994-1530800371-3235.jpeg.jpg
 397,https://img.discogs.com/o2NLioei6tkQuwEOcFkUbNQl1tQ=/fit-in/600x600/filters:strip_icc():format(jpeg):mode_rgb():quality(90)/discogs-images/R-65754-1320097333.jpeg.jpg
 398,https://img.discogs.com/T2e5vv1oHXcleMmeWlL5D3y2lQg=/fit-in/600x600/filters:strip_icc():format(jpeg):mode_rgb():quality(90)/discogs-images/R-1291640-1367093438-1325.jpeg.jpg
 399,https://img.discogs.com/Q-u62DPMiDciS9i4tdIDpNN7mfw=/fit-in/600x607/filters:strip_icc():format(jpeg):mode_rgb():quality(90)/discogs-images/R-905265-1535133498-3035.jpeg.jpg
 400,https://img.discogs.com/RXK5Z6-JR9EWK0pZiJtArL6g3zE=/fit-in/600x600/filters:strip_icc():format(jpeg):mode_rgb():quality(90)/discogs-images/R-1841211-1526184638-4178.jpeg.jpg
 401,https://img.discogs.com/CAonWEnet4UnFoZpik30HXT27hI=/fit-in/600x600/filters:strip_icc():format(jpeg):mode_rgb():quality(90)/discogs-images/R-1266804-1461290216-7010.jpeg.jpg
 402,https://img.discogs.com/z_2ZaMM6SeRNIJc210m3v8wnWb0=/fit-in/500x490/filters:strip_icc():format(jpeg):mode_rgb():quality(90)/discogs-images/R-392604-1177019228.jpeg.jpg
 403,https://img.discogs.com/YdqJk82a7oHEaQWq9lc_BN4VqCY=/fit-in/600x600/filters:strip_icc():format(jpeg):mode_rgb():quality(90)/discogs-images/R-4301456-1361138281-3978.jpeg.jpg
 404,https://img.discogs.com/-MjQjKvg-8zX-EHJbK8UnR7aGZA=/fit-in/600x557/filters:strip_icc():format(jpeg):mode_rgb():quality(90)/discogs-images/R-1231039-1289603202.jpeg.jpg
 405,https://img.discogs.com/aVqyo-dUjqLNxvNWvPrh3uqz4Pw=/fit-in/600x599/filters:strip_icc():format(jpeg):mode_rgb():quality(90)/discogs-images/R-1455258-1221023049.jpeg.jpg
 406,https://img.discogs.com/TTbGEo9x9D31sKJSeYi6_GcscU0=/600x600/smart/filters:strip_icc():format(jpeg):mode_rgb():quality(90)/discogs-images/A-36052-1606316026-8044.jpeg.jpg
 407,https://img.discogs.com/D2OHQkFKHbiaVjlG85p7EbeF2R0=/fit-in/600x595/filters:strip_icc():format(jpeg):mode_rgb():quality(90)/discogs-images/R-100245-1353686746-3088.jpeg.jpg
 408,https://img.discogs.com/nh7tOG679g7A7KRuG65lnCOzp3Y=/fit-in/600x600/filters:strip_icc():format(jpeg):mode_rgb():quality(90)/discogs-images/R-420725-1337736644-8793.jpeg.jpg
 409,https://img.discogs.com/yJaN2cSWWoAV7IGdXWWk8GrVJOo=/fit-in/595x590/filters:strip_icc():format(jpeg):mode_rgb():quality(90)/discogs-images/R-13839806-1562308277-4267.jpeg.jpg
 410,https://img.discogs.com/0Ieihz9ZkVwRjEU8amhnwA_KDh8=/fit-in/600x573/filters:strip_icc():format(jpeg):mode_rgb():quality(90)/discogs-images/R-954191-1554296280-5239.jpeg.jpg
 411,https://img.discogs.com/HbsnKUEWaTrm9ufX5JqmkRAm3RI=/fit-in/600x600/filters:strip_icc():format(jpeg):mode_rgb():quality(90)/discogs-images/R-585141-1381802725-9707.jpeg.jpg
 412,https://img.discogs.com/_VL3CQjLlN4grxBxaa4dHXSMivg=/fit-in/600x600/filters:strip_icc():format(jpeg):mode_rgb():quality(90)/discogs-images/R-223354-1381947085-7813.jpeg.jpg
 413,https://img.discogs.com/b_XNbV_9f_CTDVHQqfgWCDQL-jM=/fit-in/500x500/filters:strip_icc():format(jpeg):mode_rgb():quality(90)/discogs-images/R-421057-1346605023-4851.jpeg.jpg
 414,https://img.discogs.com/MV1BNGrgIO86oDulbiKJEH9eDF4=/fit-in/600x595/filters:strip_icc():format(jpeg):mode_rgb():quality(90)/discogs-images/R-3531333-1522192222-9191.jpeg.jpg
 415,https://img.discogs.com/egAJd0_xAIkvUVrgU-NLyu-sfXc=/fit-in/598x600/filters:strip_icc():format(jpeg):mode_rgb():quality(90)/discogs-images/R-3892549-1387927607-4257.jpeg.jpg
 416,https://img.discogs.com/zWrD6Gb93XCuNm2dm9QlfFq_iT4=/fit-in/600x523/filters:strip_icc():format(jpeg):mode_rgb():quality(90)/discogs-images/R-1365907-1351150537-8703.jpeg.jpg
 417,https://img.discogs.com/LRatqeYchjAFjN4SOEUX8e6TPBc=/fit-in/600x595/filters:strip_icc():format(jpeg):mode_rgb():quality(90)/discogs-images/R-11778636-1522576123-7986.jpeg.jpg
 418,https://img.discogs.com/lEqBmIw-C592XEgCX50dEWIiZJA=/567x703/smart/filters:strip_icc():format(jpeg):mode_rgb():quality(90)/discogs-images/A-35301-1319382618.jpeg.jpg
 419,https://img.discogs.com/_5fgkj9XD71NG41HVYJcjN6bbxQ=/fit-in/600x591/filters:strip_icc():format(jpeg):mode_rgb():quality(90)/discogs-images/R-13239116-1612863353-5093.jpeg.jpg
 420,https://img.discogs.com/gPauQg-xMQ2U0b5AVgAchPCt9jY=/fit-in/598x598/filters:strip_icc():format(jpeg):mode_rgb():quality(90)/discogs-images/R-2152809-1345653926-8418.jpeg.jpg
 421,https://img.discogs.com/qRYHHWnXfKBDKSwP7S6QXE21ths=/fit-in/500x500/filters:strip_icc():format(jpeg):mode_rgb():quality(90)/discogs-images/R-3629179-1338043493-4527.jpeg.jpg
 422,https://img.discogs.com/yKFAqsJ2RyFQgyYQn6WvtiF65Mw=/fit-in/600x581/filters:strip_icc():format(jpeg):mode_rgb():quality(90)/discogs-images/R-1949463-1478607570-5335.jpeg.jpg
 423,https://img.discogs.com/hD8cm5SoZLKVILZXnqXBJweixKA=/fit-in/592x600/filters:strip_icc():format(jpeg):mode_rgb():quality(90)/discogs-images/R-427903-1294587219.jpeg.jpg
 424,https://img.discogs.com/b-2_WNL8e6jGf_am3cm-oRrKx94=/fit-in/600x509/filters:strip_icc():format(jpeg):mode_rgb():quality(90)/discogs-images/R-1637493-1495375836-7079.jpeg.jpg
 425,https://img.discogs.com/vYZ8tutP7Lz270iISMK4Qk_KmKQ=/fit-in/600x597/filters:strip_icc():format(jpeg):mode_rgb():quality(90)/discogs-images/R-5894007-1514283616-2057.jpeg.jpg
 426,https://img.discogs.com/614yoL4wEqYx0EwE5kuuv2UKKvQ=/fit-in/600x608/filters:strip_icc():format(jpeg):mode_rgb():quality(90)/discogs-images/R-1890992-1479120546-8386.jpeg.jpg
 427,https://img.discogs.com/-XNdDuCn3K8N4jLWttUWTAQPACI=/fit-in/600x600/filters:strip_icc():format(jpeg):mode_rgb():quality(90)/discogs-images/R-2423834-1444814222-1749.jpeg.jpg
 428,https://img.discogs.com/vdUpuQI4C74iodEC5VwpyI514Zk=/fit-in/600x600/filters:strip_icc():format(jpeg):mode_rgb():quality(90)/discogs-images/R-793593-1201128430.jpeg.jpg
 429,https://img.discogs.com/XhQW0VFUV7FBmQsa2EPJzhB7ack=/fit-in/600x600/filters:strip_icc():format(jpeg):mode_rgb():quality(90)/discogs-images/R-116525-1538300396-8899.jpeg.jpg
 430,https://img.discogs.com/cdko-_uzfQKb50J-byiWG6AlUGw=/fit-in/600x600/filters:strip_icc():format(jpeg):mode_rgb():quality(90)/discogs-images/R-10872040-1597661067-8022.jpeg.jpg
 431,https://img.discogs.com/bcQ7XlR-8ISqm-jhUWS2pTM0Aj4=/fit-in/600x603/filters:strip_icc():format(jpeg):mode_rgb():quality(90)/discogs-images/R-415842-1248487814.jpeg.jpg
 432,https://img.discogs.com/e4_Op8Ui4TBip85jxtoHhzhjsRE=/fit-in/600x602/filters:strip_icc():format(jpeg):mode_rgb():quality(90)/discogs-images/R-35610-1502464482-7800.jpeg.jpg
 433,https://img.discogs.com/k2Vu9SiD_E9DJjz6Ghcsii20UkI=/fit-in/600x599/filters:strip_icc():format(jpeg):mode_rgb():quality(90)/discogs-images/R-516882-1631575115-4801.jpeg.jpg
 434,https://img.discogs.com/HMhfDufvu9jcdHLuT7EQv71RPYw=/304x304/smart/filters:strip_icc():format(jpeg):mode_rgb():quality(90)/discogs-images/A-270582-1363569411-7918.jpeg.jpg
 435,https://img.discogs.com/PgYUflMvzbRyB4eMLP30KEqG0rg=/fit-in/600x594/filters:strip_icc():format(jpeg):mode_rgb():quality(90)/discogs-images/R-375979-1491700347-7263.jpeg.jpg
 436,https://img.discogs.com/PS_xvAwaJF4C8QqYHDCT9aQu1GY=/fit-in/600x597/filters:strip_icc():format(jpeg):mode_rgb():quality(90)/discogs-images/R-380156-1381446537-3753.jpeg.jpg
 437,https://img.discogs.com/2bht6-vSiO6kK8e5kzJaUukkba4=/fit-in/600x600/filters:strip_icc():format(jpeg):mode_rgb():quality(90)/discogs-images/R-20835880-1635943204-9169.jpeg.jpg
 438,https://img.discogs.com/51QBEhrRCmkL21BVGS8XvQnX0pU=/fit-in/500x500/filters:strip_icc():format(jpeg):mode_rgb():quality(90)/discogs-images/R-2468885-1371398510-1774.jpeg.jpg
 439,https://img.discogs.com/Aa0gDnAagpkAgPsdSruJFNsZ7-M=/fit-in/595x600/filters:strip_icc():format(jpeg):mode_rgb():quality(90)/discogs-images/R-1354445-1347210028-1651.jpeg.jpg
 440,https://img.discogs.com/mmhsjuqmdK3dC0SpzgZ0WXerPS4=/fit-in/600x602/filters:strip_icc():format(jpeg):mode_rgb():quality(90)/discogs-images/R-3667439-1339593883-6617.jpeg.jpg
 441,https://img.discogs.com/8bdgEl7CZMu3h5P8ZChHilzfQJ0=/fit-in/600x600/filters:strip_icc():format(jpeg):mode_rgb():quality(90)/discogs-images/R-429836-1312811390.jpeg.jpg
 442,https://img.discogs.com/Hx-oiPs93_AQPAn-uRQ-YDH004Q=/fit-in/600x600/filters:strip_icc():format(jpeg):mode_rgb():quality(90)/discogs-images/R-499732-1290061363.jpeg.jpg
 443,https://img.discogs.com/Ows-qb3ThSDYI28GR8nczulLleY=/fit-in/600x599/filters:strip_icc():format(jpeg):mode_rgb():quality(90)/discogs-images/R-9657656-1484349961-8214.jpeg.jpg
 444,https://img.discogs.com/5OcAxruqrCNas9Mepix75agRxzs=/fit-in/600x600/filters:strip_icc():format(jpeg):mode_rgb():quality(90)/discogs-images/R-428062-1536609897-7425.jpeg.jpg
 445,https://img.discogs.com/_OQ8OXpIEm9kImB4T9gcFgAOow4=/fit-in/600x600/filters:strip_icc():format(jpeg):mode_rgb():quality(90)/discogs-images/R-537047-1427053017-6353.png.jpg
 446,https://img.discogs.com/oEYB0JEeg_MaTMc9_MlMUGMcbsE=/fit-in/600x600/filters:strip_icc():format(jpeg):mode_rgb():quality(90)/discogs-images/R-877148-1531118886-4898.jpeg.jpg
 447,https://img.discogs.com/qdYr5poRk_rEfccCiZXa_gdFLF8=/fit-in/600x607/filters:strip_icc():format(jpeg):mode_rgb():quality(90)/discogs-images/R-1198875-1502121556-4334.jpeg.jpg
 448,https://img.discogs.com/UPaxgWW24P4MF5snN7t3zpe5Mfo=/fit-in/469x480/filters:strip_icc():format(jpeg):mode_rgb():quality(90)/discogs-images/R-3754997-1343059810-7110.jpeg.jpg
 449,https://img.discogs.com/IUmUanu9qIUt5lEZ5VsoELY73aU=/fit-in/600x592/filters:strip_icc():format(jpeg):mode_rgb():quality(90)/discogs-images/R-420541-1409256292-2632.jpeg.jpg
 450,https://img.discogs.com/XAySyeDpHIMjTCrlin6L8nz-h3I=/fit-in/600x600/filters:strip_icc():format(jpeg):mode_rgb():quality(90)/discogs-images/R-1315531-1245656018.jpeg.jpg
 451,https://img.discogs.com/37K5nOCkSqrQaHWatfSiS1i19Hw=/fit-in/600x600/filters:strip_icc():format(jpeg):mode_rgb():quality(90)/discogs-images/R-825438-1617814426-5525.jpeg.jpg
 452,https://img.discogs.com/RCmUh3WQLst8dnnC6JeOY26hZNg=/fit-in/600x611/filters:strip_icc():format(jpeg):mode_rgb():quality(90)/discogs-images/R-6469802-1420096956-4258.jpeg.jpg
 453,https://img.discogs.com/j0O5G-rFQJZlhBHkDkzinLLnNkE=/fit-in/578x571/filters:strip_icc():format(jpeg):mode_rgb():quality(90)/discogs-images/R-98044-1236166476.jpeg.jpg
 454,https://img.discogs.com/MWbebGL_YT0ek55tjluQA4Z1Q_0=/fit-in/600x597/filters:strip_icc():format(jpeg):mode_rgb():quality(90)/discogs-images/R-6975577-1440934764-9507.jpeg.jpg
 455,https://img.discogs.com/Y9-XuOK9MTdrnhf2yZEN5NjeXro=/fit-in/600x593/filters:strip_icc():format(jpeg):mode_rgb():quality(90)/discogs-images/R-1077770-1320261589.jpeg.jpg
 456,https://img.discogs.com/0sIEXMGFepIcNdM41CS8rgz_SG8=/fit-in/600x600/filters:strip_icc():format(jpeg):mode_rgb():quality(90)/discogs-images/R-306710-1453390988-2160.jpeg.jpg
 457,https://img.discogs.com/RVOdfnJ8dEAcPFnbGSNkQZK1r7c=/fit-in/500x497/filters:strip_icc():format(jpeg):mode_rgb():quality(90)/discogs-images/R-537834-1128979399.jpeg.jpg
 458,https://img.discogs.com/my9GXLkoncWLfaCi4Azuh5NYdFs=/fit-in/600x600/filters:strip_icc():format(jpeg):mode_rgb():quality(90)/discogs-images/R-4393730-1363706211-4256.jpeg.jpg
 459,https://img.discogs.com/JqnkPt7kQnhGcP01ALTl7VqJPNc=/fit-in/567x566/filters:strip_icc():format(jpeg):mode_rgb():quality(90)/discogs-images/R-6455010-1419680954-2433.jpeg.jpg
 460,https://img.discogs.com/ICJ9X60biQlOwM6moQ8Xn9GTaR8=/fit-in/600x600/filters:strip_icc():format(jpeg):mode_rgb():quality(90)/discogs-images/R-367733-1291158726.jpeg.jpg
 461,https://img.discogs.com/jFSQ_L5clrA08nbiSgVf3AcUKPw=/fit-in/600x600/filters:strip_icc():format(jpeg):mode_rgb():quality(90)/discogs-images/R-358127-1532197896-8323.jpeg.jpg
 462,https://img.discogs.com/vK9Jii41trve-gJNRhUXSCBrKgM=/fit-in/598x595/filters:strip_icc():format(jpeg):mode_rgb():quality(90)/discogs-images/R-395081-1223476656.jpeg.jpg
 463,https://img.discogs.com/-OnqzZpgJejQ12Ku4-uShCBQuys=/fit-in/550x550/filters:strip_icc():format(jpeg):mode_rgb():quality(90)/discogs-images/R-468507-1385239804-3782.jpeg.jpg
 464,https://img.discogs.com/8fmaipAIanHiQpArQc3iMq2_5JE=/fit-in/600x597/filters:strip_icc():format(jpeg):mode_rgb():quality(90)/discogs-images/R-421436-1457155527-8640.jpeg.jpg
 465,https://img.discogs.com/kDmBiDnP1nEYPrMt0y6AgMzVbHg=/fit-in/596x533/filters:strip_icc():format(jpeg):mode_rgb():quality(90)/discogs-images/R-266226-1203683933.jpeg.jpg
 466,https://img.discogs.com/RqoU4J2z99LHhddjbZ8z9wMQBsg=/fit-in/600x600/filters:strip_icc():format(jpeg):mode_rgb():quality(90)/discogs-images/R-367315-1284410494.jpeg.jpg
 467,https://img.discogs.com/PYERWj4hcM4MewD1eIyoeYoG5S8=/fit-in/600x600/filters:strip_icc():format(jpeg):mode_rgb():quality(90)/discogs-images/R-1709195-1620559920-3465.jpeg.jpg
 468,https://img.discogs.com/O-XhLJIkgKISy3w4tTETFNc5kLA=/fit-in/600x573/filters:strip_icc():format(jpeg):mode_rgb():quality(90)/discogs-images/R-6333794-1416708691-9365.jpeg.jpg
 469,https://img.discogs.com/f-Dq4kkDrwVen2aIocf7xF7lDOU=/600x381/smart/filters:strip_icc():format(jpeg):mode_rgb():quality(90)/discogs-images/A-18231-1632240337-2652.jpeg.jpg
 470,https://img.discogs.com/x0l1Ksbdx_xKdJu2Vts2BBLYeL8=/fit-in/600x603/filters:strip_icc():format(jpeg):mode_rgb():quality(90)/discogs-images/R-123019-1292361782.jpeg.jpg
 471,https://img.discogs.com/0UhHt32l5jBExbG8OGM1sigB0XQ=/fit-in/595x600/filters:strip_icc():format(jpeg):mode_rgb():quality(90)/discogs-images/R-1005589-1413626931-1896.jpeg.jpg
 472,https://img.discogs.com/33O748VhMPHOi1Ds_uCbDCO6dAE=/fit-in/600x600/filters:strip_icc():format(jpeg):mode_rgb():quality(90)/discogs-images/R-413315-1514466651-4484.jpeg.jpg
 473,https://img.discogs.com/QUOGEVub9J4ZJvg8AYihq1aq2wU=/600x337/smart/filters:strip_icc():format(jpeg):mode_rgb():quality(90)/discogs-images/A-83080-1586981946-1512.webp.jpg
 474,https://img.discogs.com/aqDMMaJR_akzDU-J-YSClNqbcmw=/fit-in/599x594/filters:strip_icc():format(jpeg):mode_rgb():quality(90)/discogs-images/R-376018-1201382979.jpeg.jpg
 475,https://img.discogs.com/yBj3luSRd10DQDUfHdpPNwmHA9g=/600x900/smart/filters:strip_icc():format(jpeg):mode_rgb():quality(90)/discogs-images/A-55029-1236334161.jpeg.jpg
 476,https://img.discogs.com/VSWBHhmTV-KeZS8yrzMTZncu_mM=/600x705/smart/filters:strip_icc():format(jpeg):mode_rgb():quality(90)/discogs-images/A-65049-1476549718-2125.jpeg.jpg
 477,https://img.discogs.com/Rcvt3Ar4qXr9Q5xeW9q5RCtFtX8=/fit-in/298x600/filters:strip_icc():format(jpeg):mode_rgb():quality(90)/discogs-images/R-2656295-1295224843.jpeg.jpg
 478,https://img.discogs.com/UIR7zTRTOmWgbU-VrCKF8NtQm94=/fit-in/600x595/filters:strip_icc():format(jpeg):mode_rgb():quality(90)/discogs-images/R-15195542-1587936925-6000.jpeg.jpg
 479,https://img.discogs.com/juyStQLEJ_KMaY7f27imSXHe2fU=/fit-in/600x609/filters:strip_icc():format(jpeg):mode_rgb():quality(90)/discogs-images/R-773587-1252593571.jpeg.jpg
 480,https://img.discogs.com/s9X3DMJDY-l5mOJjFUK3--BtwxQ=/fit-in/600x600/filters:strip_icc():format(jpeg):mode_rgb():quality(90)/discogs-images/R-184946-1294103525.jpeg.jpg
 481,https://img.discogs.com/9mMFSslrPM8jsQoJ_lthzXl6NcA=/473x423/smart/filters:strip_icc():format(jpeg):mode_rgb():quality(90)/discogs-images/A-44944-1279459681.jpeg.jpg
 482,https://img.discogs.com/A0zJ8-ZH01Aotiw8Xum8_967vh4=/fit-in/300x300/filters:strip_icc():format(jpeg):mode_rgb():quality(90)/discogs-images/R-1379491-1296002955.jpeg.jpg
 483,https://img.discogs.com/m3JBaoqIYRrsvkBuQg23Q8eG5S4=/fit-in/600x592/filters:strip_icc():format(jpeg):mode_rgb():quality(90)/discogs-images/R-2379398-1592071593-7178.jpeg.jpg
 484,https://img.discogs.com/UFVMjcsz28bY4ld9gala6I0vPGg=/fit-in/600x600/filters:strip_icc():format(jpeg):mode_rgb():quality(90)/discogs-images/R-2587381-1430226102-8255.jpeg.jpg
 485,https://img.discogs.com/PR2dOEZOko3Sy0p4aZGJoQJJlKQ=/fit-in/600x593/filters:strip_icc():format(jpeg):mode_rgb():quality(90)/discogs-images/R-464904-1498739748-6715.jpeg.jpg
 486,https://img.discogs.com/hbYs1tMjCO134xBQgee4JfP7fQ4=/fit-in/600x607/filters:strip_icc():format(jpeg):mode_rgb():quality(90)/discogs-images/R-502117-1528709653-7377.jpeg.jpg
 487,https://img.discogs.com/i-0m9WW_Sl5ebkSYsLZ-bJdBKUc=/fit-in/600x589/filters:strip_icc():format(jpeg):mode_rgb():quality(90)/discogs-images/R-208008-1473061364-7141.jpeg.jpg
 488,https://img.discogs.com/8jG8aK0P4EyiH0c8QcLsm5c3CYQ=/fit-in/600x600/filters:strip_icc():format(jpeg):mode_rgb():quality(90)/discogs-images/R-2352904-1278972279.jpeg.jpg
 489,https://img.discogs.com/4A1OvYjWG_LH22FL5BfQHYELebc=/fit-in/600x600/filters:strip_icc():format(jpeg):mode_rgb():quality(90)/discogs-images/R-702504-1149574014.jpeg.jpg
 490,https://img.discogs.com/N73WUm8QwpDRRCC35pLS9lEY0b0=/fit-in/600x599/filters:strip_icc():format(jpeg):mode_rgb():quality(90)/discogs-images/R-840158-1465273920-7140.jpeg.jpg
 491,https://img.discogs.com/qOHV-FGR2P3kf3cEQ5TznW97smY=/fit-in/450x450/filters:strip_icc():format(jpeg):mode_rgb():quality(90)/discogs-images/R-2996095-1330023837.jpeg.jpg
 492,https://img.discogs.com/Pk7XRRJ2CjSB8KGm4VmhxQOd3ck=/fit-in/600x589/filters:strip_icc():format(jpeg):mode_rgb():quality(90)/discogs-images/R-8139481-1458054503-9022.jpeg.jpg
 493,https://img.discogs.com/B6KAmbhUxktXZ308Y3UDxyPfCfQ=/fit-in/600x600/filters:strip_icc():format(jpeg):mode_rgb():quality(90)/discogs-images/R-4426525-1409338534-9032.jpeg.jpg
 494,https://img.discogs.com/poPJLCGuwMEofamWliARpXE_Das=/fit-in/600x600/filters:strip_icc():format(jpeg):mode_rgb():quality(90)/discogs-images/R-9512640-1481876892-6605.jpeg.jpg
 495,https://img.discogs.com/mFJrzDdoURC5S0IiIsUO9RRK5Ik=/fit-in/600x597/filters:strip_icc():format(jpeg):mode_rgb():quality(90)/discogs-images/R-4456899-1373122609-2911.jpeg.jpg
 496,https://img.discogs.com/B62IF_sve327vg-N5oxdXP3VsKk=/fit-in/600x600/filters:strip_icc():format(jpeg):mode_rgb():quality(90)/discogs-images/R-12336305-1533332955-7706.jpeg.jpg
 497,https://img.discogs.com/MfmlAw-VRJBS_5hpXnF3o7zZ3CQ=/fit-in/600x600/filters:strip_icc():format(jpeg):mode_rgb():quality(90)/discogs-images/R-501660-1463253575-1113.jpeg.jpg
 498,https://img.discogs.com/dCCmODvGlyqnWVz3R5_N7OkVlJQ=/fit-in/599x615/filters:strip_icc():format(jpeg):mode_rgb():quality(90)/discogs-images/R-156092-1613371362-4033.jpeg.jpg
 499,https://img.discogs.com/tTIB2PZZkV_bF333qARprUuJ95Y=/fit-in/280x280/filters:strip_icc():format(jpeg):mode_rgb():quality(90)/discogs-images/R-3542204-1334556529.jpeg.jpg
 500,https://img.discogs.com/zJZ1m-xOfqGS2Rmo7svcBHw1gsU=/fit-in/600x600/filters:strip_icc():format(jpeg):mode_rgb():quality(90)/discogs-images/R-169325-1316298017.jpeg.jpg